﻿<?xml version="1.0" encoding="utf-8"?>
<MenuDataItems xmlns:xsi="http://www.w3.org/2001/XMLSchema-instance" xmlns:xsd="http://www.w3.org/2001/XMLSchema">
  <MenuDataItem Icon="" MenuText="Home" Description="System Overview" Roles="*" UserControlAssembly="GSF.TimeSeries.UI.WPF.dll" UserControlPath="GSF.TimeSeries.UI.UserControls.HomeUserControl" />
  <MenuDataItem Icon="" MenuText="Monitoring" Description="" Roles="*" UserControlAssembly="" UserControlPath="">
    <SubMenuItems>
      <MenuDataItem Icon="" MenuText="Remote System Console" Description="Remote System Console" Roles="*" UserControlAssembly="GSF.TimeSeries.UI.WPF.dll" UserControlPath="GSF.TimeSeries.UI.UserControls.MonitoringUserControl" />
    </SubMenuItems>
  </MenuDataItem>
  <MenuDataItem Icon="" MenuText="Adapters" Description="" Roles="*" UserControlAssembly="" UserControlPath="">
    <SubMenuItems>
      <MenuDataItem Icon="" MenuText="Input Adapters" Description="Manage Input Adapters" Roles="*" UserControlAssembly="GSF.TimeSeries.UI.WPF.dll" UserControlPath="GSF.TimeSeries.UI.UserControls.CustomInputAdapterUserControl" />
      <MenuDataItem Icon="" MenuText="Action Adapters" Description="Manage Action Adapters" Roles="*" UserControlAssembly="GSF.TimeSeries.UI.WPF.dll" UserControlPath="GSF.TimeSeries.UI.UserControls.CustomActionAdapterUserControl" />
      <MenuDataItem Icon="" MenuText="Output Adapters" Description="Manage Output Adapters" Roles="*" UserControlAssembly="GSF.TimeSeries.UI.WPF.dll" UserControlPath="GSF.TimeSeries.UI.UserControls.CustomOutputAdapterUserControl" />
      <MenuDataItem Icon="" MenuText="" Description="" Roles="*" UserControlAssembly="" UserControlPath="" />
      <MenuDataItem Icon="" MenuText="Iaon Tree" Description=" View Iaon Tree" Roles="*" UserControlAssembly="GSF.TimeSeries.UI.WPF.dll" UserControlPath="GSF.TimeSeries.UI.UserControls.IaonTreeUserControl"/>
    </SubMenuItems>
  </MenuDataItem>
  <MenuDataItem Icon="" MenuText="Manage" Description="" Roles="*" UserControlAssembly="" UserControlPath="">
    <SubMenuItems>
      <MenuDataItem Icon="" MenuText="Nodes" Description="Manage Nodes" Roles="Administrator" UserControlAssembly="GSF.TimeSeries.UI.WPF.dll" UserControlPath="GSF.TimeSeries.UI.UserControls.NodeUserControl" />
      <MenuDataItem Icon="" MenuText="Measurements" Description="Manage Measurements" Roles="*" UserControlAssembly="GSF.TimeSeries.UI.WPF.dll" UserControlPath="GSF.TimeSeries.UI.UserControls.MeasurementUserControl"/>
      <MenuDataItem Icon="" MenuText="Historians" Description="Manage Historians" Roles="*" UserControlAssembly="GSF.TimeSeries.UI.WPF.dll" UserControlPath="GSF.TimeSeries.UI.UserControls.HistorianUserControl" />
      <MenuDataItem Icon="" MenuText="Companies" Description="Manage Companies" Roles="*" UserControlAssembly="GSF.TimeSeries.UI.WPF.dll" UserControlPath="GSF.TimeSeries.UI.UserControls.CompanyUserControl" />
      <MenuDataItem Icon="" MenuText="Vendors" Description="Manage Vendors" Roles="*" UserControlAssembly="GSF.TimeSeries.UI.WPF.dll" UserControlPath="GSF.TimeSeries.UI.UserControls.VendorUserControl" />
      <MenuDataItem Icon="" MenuText="Vendor Devices" Description="Manage Vendor Devices" Roles="*" UserControlAssembly="GSF.TimeSeries.UI.WPF.dll" UserControlPath="GSF.TimeSeries.UI.UserControls.VendorDeviceUserControl" />
      <MenuDataItem Icon="" MenuText="" Description="" Roles="*" UserControlAssembly="" UserControlPath="" />
      <MenuDataItem Icon="" MenuText="Security" Description="Manage Application Security" Roles="Administrator" UserControlAssembly="GSF.TimeSeries.UI.WPF.dll" UserControlPath="GSF.TimeSeries.UI.UserControls.SecurityUserControl" />
      <MenuDataItem Icon="" MenuText="_Exception Log" Description="Exception Log" Roles="*" UserControlAssembly="GSF.TimeSeries.UI.WPF.dll" UserControlPath="GSF.TimeSeries.UI.UserControls.ErrorLogUserControl" />
    </SubMenuItems>
  </MenuDataItem>
</MenuDataItems>
