<?xml version="1.0" encoding="Windows-1252"?>

<MeasurementMap xmlns:xsd="http://www.w3.org/2001/XMLSchema" xmlns:xsi="http://www.w3.org/2001/XMLSchema-instance">

  <binaryMap>

    <Mapping>

      <tsfId>0</tsfId>

      <tsfSource>PPA</tsfSource>

      <dnpIndex>0</dnpIndex>

    </Mapping>

  </binaryMap>

  <doubleBitBinaryMap>

    <Mapping>

      <tsfId>1</tsfId>

      <tsfSource>PPA</tsfSource>

      <dnpIndex>0</dnpIndex>

    </Mapping>

  </doubleBitBinaryMap>

  <analogMap>

    <Mapping>

      <tsfId>2</tsfId>

      <tsfSource>PPA</tsfSource>

      <dnpIndex>0</dnpIndex>

    </Mapping>

  </analogMap>

  <counterMap>

    <Mapping>

      <tsfId>3</tsfId>

      <tsfSource>PPA</tsfSource>

      <dnpIndex>0</dnpIndex>

    </Mapping>

  </counterMap>

  <frozenCounterMap>

    <Mapping>

      <tsfId>4</tsfId>

      <tsfSource>PPA</tsfSource>

      <dnpIndex>0</dnpIndex>

    </Mapping>

  </frozenCounterMap>

  <controlStatusMap>

    <Mapping>

      <tsfId>5</tsfId>

      <tsfSource>PPA</tsfSource>

      <dnpIndex>0</dnpIndex>

    </Mapping>

  </controlStatusMap>

  <setpointStatusMap>

    <Mapping>

      <tsfId>6</tsfId>

      <tsfSource>PPA</tsfSource>

      <dnpIndex>0</dnpIndex>

    </Mapping>

  </setpointStatusMap>

</MeasurementMap>