{
    "sequences": [
        {
            "records": [
                {
                    "description": "Oil Source: B Alarm: 6 Hydrogen Conc. Limit Low",
                    "address": "5799",
                    "dataValue": "",
                    "recordType": 3
                },
                {
                    "description": "Oil Source: B Alarm: 6 Hydrogen Conc. Limit High",
                    "address": "5800",
                    "dataValue": "",
                    "recordType": 3
                },
                {
                    "description": "Oil Source: B Alarm: 6 Hydrogen Conc. Limit",
                    "address": "Single(HR5799,HR5800)",
                    "dataValue": "",
                    "recordType": 4
                },
                {
                    "description": "Oil Source: B Alarm: 6 Carbon Dioxide Conc. Limit Low",
                    "address": "5801",
                    "dataValue": "",
                    "recordType": 3
                },
                {
                    "description": "Oil Source: B Alarm: 6 Carbon Dioxide Conc. Limit High",
                    "address": "5802",
                    "dataValue": "",
                    "recordType": 3
                },
                {
                    "description": "Oil Source: B Alarm: 6 Carbon Dioxide Conc. Limit",
                    "address": "Single(HR5801,HR5802)",
                    "dataValue": "",
                    "recordType": 4
                },
                {
                    "description": "Oil Source: B Alarm: 6 Carbon Monoxide Conc. Limit Low",
                    "address": "5803",
                    "dataValue": "",
                    "recordType": 3
                },
                {
                    "description": "Oil Source: B Alarm: 6 Carbon Monoxide Conc. Limit High",
                    "address": "5804",
                    "dataValue": "",
                    "recordType": 3
                },
                {
                    "description": "Oil Source: B Alarm: 6 Carbon Monoxide Conc. Limit",
                    "address": "Single(HR5803,HR5804)",
                    "dataValue": "",
                    "recordType": 4
                },
                {
                    "description": "Oil Source: B Alarm: 6 Ethylene Conc. Limit Low",
                    "address": "5805",
                    "dataValue": "",
                    "recordType": 3
                },
                {
                    "description": "Oil Source: B Alarm: 6 Ethylene Conc. Limit High",
                    "address": "5806",
                    "dataValue": "",
                    "recordType": 3
                },
                {
                    "description": "Oil Source: B Alarm: 6 Ethylene Conc. Limit",
                    "address": "Single(HR5805,HR5806)",
                    "dataValue": "",
                    "recordType": 4
                },
                {
                    "description": "Oil Source: B Alarm: 6 Ethane Conc. Limit Low",
                    "address": "5807",
                    "dataValue": "",
                    "recordType": 3
                },
                {
                    "description": "Oil Source: B Alarm: 6 Ethane Conc. Limit High",
                    "address": "5808",
                    "dataValue": "",
                    "recordType": 3
                },
                {
                    "description": "Oil Source: B Alarm: 6 Ethane Conc. Limit",
                    "address": "Single(HR5807,HR5808)",
                    "dataValue": "",
                    "recordType": 4
                },
                {
                    "description": "Oil Source: B Alarm: 6 Methane Conc. Limit Low",
                    "address": "5809",
                    "dataValue": "",
                    "recordType": 3
                },
                {
                    "description": "Oil Source: B Alarm: 6 Methane Conc. Limit High",
                    "address": "5810",
                    "dataValue": "",
                    "recordType": 3
                },
                {
                    "description": "Oil Source: B Alarm: 6 Methane Conc. Limit",
                    "address": "Single(HR5809,HR5810)",
                    "dataValue": "",
                    "recordType": 4
                },
                {
                    "description": "Oil Source: B Alarm: 6 Acetylene Conc. Limit Low",
                    "address": "5811",
                    "dataValue": "",
                    "recordType": 3
                },
                {
                    "description": "Oil Source: B Alarm: 6 Acetylene Conc. Limit High",
                    "address": "5812",
                    "dataValue": "",
                    "recordType": 3
                },
                {
                    "description": "Oil Source: B Alarm: 6 Acetylene Conc. Limit",
                    "address": "Single(HR5811,HR5812)",
                    "dataValue": "",
                    "recordType": 4
                },
                {
                    "description": "Oil Source: B Alarm: 6 Water Conc. Limit Low",
                    "address": "5813",
                    "dataValue": "",
                    "recordType": 3
                },
                {
                    "description": "Oil Source: B Alarm: 6 Water Conc. Limit High",
                    "address": "5814",
                    "dataValue": "",
                    "recordType": 3
                },
                {
                    "description": "Oil Source: B Alarm: 6 Water Conc. Limit",
                    "address": "Single(HR5813,HR5814)",
                    "dataValue": "",
                    "recordType": 4
                },
                {
                    "description": "Oil Source: B Alarm: 6 Oxygen Conc. Limit Low",
                    "address": "5815",
                    "dataValue": "",
                    "recordType": 3
                },
                {
                    "description": "Oil Source: B Alarm: 6 Oxygen Conc. Limit High",
                    "address": "5816",
                    "dataValue": "",
                    "recordType": 3
                },
                {
                    "description": "Oil Source: B Alarm: 6 Oxygen Conc. Limit",
                    "address": "Single(HR5815,HR5816)",
                    "dataValue": "",
                    "recordType": 4
                },
                {
                    "description": "Oil Source: B Alarm: 6 Total Dissolved Combustible Gas Conc. Limit Low",
                    "address": "5817",
                    "dataValue": "",
                    "recordType": 3
                },
                {
                    "description": "Oil Source: B Alarm: 6 Total Dissolved Combustible Gas Conc. Limit High",
                    "address": "5818",
                    "dataValue": "",
                    "recordType": 3
                },
                {
                    "description": "Oil Source: B Alarm: 6 Total Dissolved Combustible Gas Conc. Limit",
                    "address": "Single(HR5817,HR5818)",
                    "dataValue": "",
                    "recordType": 4
                },
                {
                    "description": "Oil Source: B Alarm: 6 Nitrogen Conc. Limit Low",
                    "address": "5819",
                    "dataValue": "",
                    "recordType": 3
                },
                {
                    "description": "Oil Source: B Alarm: 6 Nitrogen Conc. Limit High",
                    "address": "5820",
                    "dataValue": "",
                    "recordType": 3
                },
                {
                    "description": "Oil Source: B Alarm: 6 Nitrogen Conc. Limit",
                    "address": "Single(HR5819,HR5820)",
                    "dataValue": "",
                    "recordType": 4
                },
                {
                    "description": "Spare Register [1]",
                    "address": "5821",
                    "dataValue": "",
                    "recordType": 3
                },
                {
                    "description": "Spare Register [2]",
                    "address": "5822",
                    "dataValue": "",
                    "recordType": 3
                },
                {
                    "description": "Spare Register [3]",
                    "address": "5823",
                    "dataValue": "",
                    "recordType": 3
                },
                {
                    "description": "Spare Register [4]",
                    "address": "5824",
                    "dataValue": "",
                    "recordType": 3
                },
                {
                    "description": "Spare Register [5]",
                    "address": "5825",
                    "dataValue": "",
                    "recordType": 3
                },
                {
                    "description": "Spare Register [6]",
                    "address": "5826",
                    "dataValue": "",
                    "recordType": 3
                },
                {
                    "description": "Spare Register [7]",
                    "address": "5827",
                    "dataValue": "",
                    "recordType": 3
                },
                {
                    "description": "Spare Register [8]",
                    "address": "5828",
                    "dataValue": "",
                    "recordType": 3
                },
                {
                    "description": "Spare Register [9]",
                    "address": "5829",
                    "dataValue": "",
                    "recordType": 3
                },
                {
                    "description": "Spare Register [10]",
                    "address": "5830",
                    "dataValue": "",
                    "recordType": 3
                },
                {
                    "description": "Spare Register [11]",
                    "address": "5831",
                    "dataValue": "",
                    "recordType": 3
                },
                {
                    "description": "Spare Register [12]",
                    "address": "5832",
                    "dataValue": "",
                    "recordType": 3
                },
                {
                    "description": "Spare Register [13]",
                    "address": "5833",
                    "dataValue": "",
                    "recordType": 3
                },
                {
                    "description": "Spare Register [14]",
                    "address": "5834",
                    "dataValue": "",
                    "recordType": 3
                },
                {
                    "description": "Spare Register [15]",
                    "address": "5835",
                    "dataValue": "",
                    "recordType": 3
                },
                {
                    "description": "Spare Register [16]",
                    "address": "5836",
                    "dataValue": "",
                    "recordType": 3
                },
                {
                    "description": "Spare Register [17]",
                    "address": "5837",
                    "dataValue": "",
                    "recordType": 3
                },
                {
                    "description": "Spare Register [18]",
                    "address": "5838",
                    "dataValue": "",
                    "recordType": 3
                },
                {
                    "description": "Spare Register",
                    "address": "String(HR5821,HR5822,HR5823,HR5824,HR5825,HR5826,HR5827,HR5828,HR5829,HR5830,HR5831,HR5832,HR5833,HR5834,HR5835,HR5836,HR5837,HR5838)",
                    "dataValue": "",
                    "recordType": 4
                },
                {
                    "description": "Oil Source: B Alarm: 6 Hydrogen ROC Limit Low",
                    "address": "5839",
                    "dataValue": "",
                    "recordType": 3
                },
                {
                    "description": "Oil Source: B Alarm: 6 Hydrogen ROC Limit High",
                    "address": "5840",
                    "dataValue": "",
                    "recordType": 3
                },
                {
                    "description": "Oil Source: B Alarm: 6 Hydrogen ROC Limit",
                    "address": "Single(HR5839,HR5840)",
                    "dataValue": "",
                    "recordType": 4
                },
                {
                    "description": "Oil Source: B Alarm: 6 Carbon Dioxide ROC Limit Low",
                    "address": "5841",
                    "dataValue": "",
                    "recordType": 3
                },
                {
                    "description": "Oil Source: B Alarm: 6 Carbon Dioxide ROC Limit High",
                    "address": "5842",
                    "dataValue": "",
                    "recordType": 3
                },
                {
                    "description": "Oil Source: B Alarm: 6 Carbon Dioxide ROC Limit",
                    "address": "Single(HR5841,HR5842)",
                    "dataValue": "",
                    "recordType": 4
                },
                {
                    "description": "Oil Source: B Alarm: 6 Carbon Monoxide ROC Limit Low",
                    "address": "5843",
                    "dataValue": "",
                    "recordType": 3
                },
                {
                    "description": "Oil Source: B Alarm: 6 Carbon Monoxide ROC Limit High",
                    "address": "5844",
                    "dataValue": "",
                    "recordType": 3
                },
                {
                    "description": "Oil Source: B Alarm: 6 Carbon Monoxide ROC Limit",
                    "address": "Single(HR5843,HR5844)",
                    "dataValue": "",
                    "recordType": 4
                },
                {
                    "description": "Oil Source: B Alarm: 6 Ethylene ROC Limit Low",
                    "address": "5845",
                    "dataValue": "",
                    "recordType": 3
                },
                {
                    "description": "Oil Source: B Alarm: 6 Ethylene ROC Limit High",
                    "address": "5846",
                    "dataValue": "",
                    "recordType": 3
                },
                {
                    "description": "Oil Source: B Alarm: 6 Ethylene ROC Limit",
                    "address": "Single(HR5845,HR5846)",
                    "dataValue": "",
                    "recordType": 4
                },
                {
                    "description": "Oil Source: B Alarm: 6 Ethane ROC Limit Low",
                    "address": "5847",
                    "dataValue": "",
                    "recordType": 3
                },
                {
                    "description": "Oil Source: B Alarm: 6 Ethane ROC Limit High",
                    "address": "5848",
                    "dataValue": "",
                    "recordType": 3
                },
                {
                    "description": "Oil Source: B Alarm: 6 Ethane ROC Limit",
                    "address": "Single(HR5847,HR5848)",
                    "dataValue": "",
                    "recordType": 4
                },
                {
                    "description": "Oil Source: B Alarm: 6 Methane ROC Limit Low",
                    "address": "5849",
                    "dataValue": "",
                    "recordType": 3
                },
                {
                    "description": "Oil Source: B Alarm: 6 Methane ROC Limit High",
                    "address": "5850",
                    "dataValue": "",
                    "recordType": 3
                },
                {
                    "description": "Oil Source: B Alarm: 6 Methane ROC Limit",
                    "address": "Single(HR5849,HR5850)",
                    "dataValue": "",
                    "recordType": 4
                },
                {
                    "description": "Oil Source: B Alarm: 6 Acetylene ROC Limit Low",
                    "address": "5851",
                    "dataValue": "",
                    "recordType": 3
                },
                {
                    "description": "Oil Source: B Alarm: 6 Acetylene ROC Limit High",
                    "address": "5852",
                    "dataValue": "",
                    "recordType": 3
                },
                {
                    "description": "Oil Source: B Alarm: 6 Acetylene ROC Limit",
                    "address": "Single(HR5851,HR5852)",
                    "dataValue": "",
                    "recordType": 4
                },
                {
                    "description": "Oil Source: B Alarm: 6 Water ROC Limit Low",
                    "address": "5853",
                    "dataValue": "",
                    "recordType": 3
                },
                {
                    "description": "Oil Source: B Alarm: 6 Water ROC Limit High",
                    "address": "5854",
                    "dataValue": "",
                    "recordType": 3
                },
                {
                    "description": "Oil Source: B Alarm: 6 Water ROC Limit",
                    "address": "Single(HR5853,HR5854)",
                    "dataValue": "",
                    "recordType": 4
                },
                {
                    "description": "Oil Source: B Alarm: 6 Oxygen ROC Limit Low",
                    "address": "5855",
                    "dataValue": "",
                    "recordType": 3
                },
                {
                    "description": "Oil Source: B Alarm: 6 Oxygen ROC Limit High",
                    "address": "5856",
                    "dataValue": "",
                    "recordType": 3
                },
                {
                    "description": "Oil Source: B Alarm: 6 Oxygen ROC Limit",
                    "address": "Single(HR5855,HR5856)",
                    "dataValue": "",
                    "recordType": 4
                },
                {
                    "description": "Oil Source: B Alarm: 6 Total Dissolved Combustible Gas ROC Limit Low",
                    "address": "5857",
                    "dataValue": "",
                    "recordType": 3
                },
                {
                    "description": "Oil Source: B Alarm: 6 Total Dissolved Combustible Gas ROC Limit High",
                    "address": "5858",
                    "dataValue": "",
                    "recordType": 3
                },
                {
                    "description": "Oil Source: B Alarm: 6 Total Dissolved Combustible Gas ROC Limit",
                    "address": "Single(HR5857,HR5858)",
                    "dataValue": "",
                    "recordType": 4
                },
                {
                    "description": "Oil Source: B Alarm: 6 Nitrogen ROC Limit Low",
                    "address": "5859",
                    "dataValue": "",
                    "recordType": 3
                },
                {
                    "description": "Oil Source: B Alarm: 6 Nitrogen ROC Limit High",
                    "address": "5860",
                    "dataValue": "",
                    "recordType": 3
                },
                {
                    "description": "Oil Source: B Alarm: 6 Nitrogen ROC Limit",
                    "address": "Single(HR5859,HR5860)",
                    "dataValue": "",
                    "recordType": 4
                }
            ],
            "name": "Oil Source B Alarm 6 Settings 1",
            "type": 0
        },
        {
            "records": [
                {
                    "description": "Oil Source: B Alarm: 6 Output",
                    "address": "5879",
                    "dataValue": "",
                    "recordType": 3
                },
                {
                    "description": "Oil Source: B Alarm: 6 Time Window (in hours) for ROC Calculation",
                    "address": "5880",
                    "dataValue": "",
                    "recordType": 3
                },
                {
                    "description": "Oil Source: B Alarm: 6 Minimum Number of Samples for ROC Calculation",
                    "address": "5881",
                    "dataValue": "",
                    "recordType": 3
                }
            ],
            "name": "Oil Source B Alarm 6 Settings 2",
            "type": 0
        }
    ]
}