{
    "sequences": [
        {
            "records": [
                {
                    "description": "Oil Source A Ratio 5 Name [1]",
                    "address": "7179",
                    "dataValue": "",
                    "recordType": 3
                },
                {
                    "description": "Oil Source A Ratio 5 Name [2]",
                    "address": "7180",
                    "dataValue": "",
                    "recordType": 3
                },
                {
                    "description": "Oil Source A Ratio 5 Name [3]",
                    "address": "7181",
                    "dataValue": "",
                    "recordType": 3
                },
                {
                    "description": "Oil Source A Ratio 5 Name [4]",
                    "address": "7182",
                    "dataValue": "",
                    "recordType": 3
                },
                {
                    "description": "Oil Source A Ratio 5 Name [5]",
                    "address": "7183",
                    "dataValue": "",
                    "recordType": 3
                },
                {
                    "description": "Oil Source A Ratio 5 Name [6]",
                    "address": "7184",
                    "dataValue": "",
                    "recordType": 3
                },
                {
                    "description": "Oil Source A Ratio 5 Name [7]",
                    "address": "7185",
                    "dataValue": "",
                    "recordType": 3
                },
                {
                    "description": "Oil Source A Ratio 5 Name [8]",
                    "address": "7186",
                    "dataValue": "",
                    "recordType": 3
                },
                {
                    "description": "Oil Source A Ratio 5 Name",
                    "address": "String(HR7179,HR7180,HR7181,HR7182,HR7183,HR7184,HR7185,HR7186)",
                    "dataValue": "",
                    "recordType": 4
                },
                {
                    "description": "Oil Source A Ratio 5 Numerator",
                    "address": "7187",
                    "dataValue": "",
                    "recordType": 3
                },
                {
                    "description": "Oil Source A Ratio 5 Denominator",
                    "address": "7188",
                    "dataValue": "",
                    "recordType": 3
                },
                {
                    "description": "Oil Source A Ratio 5 Upper Limit Low",
                    "address": "7189",
                    "dataValue": "",
                    "recordType": 3
                },
                {
                    "description": "Oil Source A Ratio 5 Upper Limit High",
                    "address": "7190",
                    "dataValue": "",
                    "recordType": 3
                },
                {
                    "description": "Oil Source A Ratio 5 Upper Limit",
                    "address": "Single(HR7189,HR7190)",
                    "dataValue": "",
                    "recordType": 4
                },
                {
                    "description": "Oil Source A Ratio 5 Lower Limit Low",
                    "address": "7191",
                    "dataValue": "",
                    "recordType": 3
                },
                {
                    "description": "Oil Source A Ratio 5 Lower Limit High",
                    "address": "7192",
                    "dataValue": "",
                    "recordType": 3
                },
                {
                    "description": "Oil Source A Ratio 5 Lower Limit",
                    "address": "Single(HR7191,HR7192)",
                    "dataValue": "",
                    "recordType": 4
                },
                {
                    "description": "Oil Source A Ratio 5 Enable",
                    "address": "7193",
                    "dataValue": "",
                    "recordType": 3
                },
                {
                    "description": "Oil Source A Ratio 5 Alarm Output",
                    "address": "7194",
                    "dataValue": "",
                    "recordType": 3
                },
                {
                    "description": "Oil Source A Ratio 5 Value From Last Measurement Low",
                    "address": "7195",
                    "dataValue": "",
                    "recordType": 3
                },
                {
                    "description": "Oil Source A Ratio 5 Value From Last Measurement High",
                    "address": "7196",
                    "dataValue": "",
                    "recordType": 3
                },
                {
                    "description": "Oil Source A Ratio 5 Value From Last Measurement",
                    "address": "Single(HR7195,HR7196)",
                    "dataValue": "",
                    "recordType": 4
                },
                {
                    "description": "Oil Source A Ratio 5 Output Flags From Last Measurement",
                    "address": "7197",
                    "dataValue": "",
                    "recordType": 3
                }
            ],
            "name": "Oil Source A Ratio 5 Settings 1",
            "type": 0
        }
    ]
}