{
    "sequences": [
        {
            "records": [
                {
                    "description": "Oil Source B Ratio 5 Name [1]",
                    "address": "7379",
                    "dataValue": "",
                    "recordType": 3
                },
                {
                    "description": "Oil Source B Ratio 5 Name [2]",
                    "address": "7380",
                    "dataValue": "",
                    "recordType": 3
                },
                {
                    "description": "Oil Source B Ratio 5 Name [3]",
                    "address": "7381",
                    "dataValue": "",
                    "recordType": 3
                },
                {
                    "description": "Oil Source B Ratio 5 Name [4]",
                    "address": "7382",
                    "dataValue": "",
                    "recordType": 3
                },
                {
                    "description": "Oil Source B Ratio 5 Name [5]",
                    "address": "7383",
                    "dataValue": "",
                    "recordType": 3
                },
                {
                    "description": "Oil Source B Ratio 5 Name [6]",
                    "address": "7384",
                    "dataValue": "",
                    "recordType": 3
                },
                {
                    "description": "Oil Source B Ratio 5 Name [7]",
                    "address": "7385",
                    "dataValue": "",
                    "recordType": 3
                },
                {
                    "description": "Oil Source B Ratio 5 Name [8]",
                    "address": "7386",
                    "dataValue": "",
                    "recordType": 3
                },
                {
                    "description": "Oil Source B Ratio 5 Name",
                    "address": "String(HR7379,HR7380,HR7381,HR7382,HR7383,HR7384,HR7385,HR7386)",
                    "dataValue": "",
                    "recordType": 4
                },
                {
                    "description": "Oil Source B Ratio 5 Numerator",
                    "address": "7387",
                    "dataValue": "",
                    "recordType": 3
                },
                {
                    "description": "Oil Source B Ratio 5 Denominator",
                    "address": "7388",
                    "dataValue": "",
                    "recordType": 3
                },
                {
                    "description": "Oil Source B Ratio 5 Upper Limit Low",
                    "address": "7389",
                    "dataValue": "",
                    "recordType": 3
                },
                {
                    "description": "Oil Source B Ratio 5 Upper Limit High",
                    "address": "7390",
                    "dataValue": "",
                    "recordType": 3
                },
                {
                    "description": "Oil Source B Ratio 5 Upper Limit",
                    "address": "Single(HR7389,HR7390)",
                    "dataValue": "",
                    "recordType": 4
                },
                {
                    "description": "Oil Source B Ratio 5 Lower Limit Low",
                    "address": "7391",
                    "dataValue": "",
                    "recordType": 3
                },
                {
                    "description": "Oil Source B Ratio 5 Lower Limit High",
                    "address": "7392",
                    "dataValue": "",
                    "recordType": 3
                },
                {
                    "description": "Oil Source B Ratio 5 Lower Limit",
                    "address": "Single(HR7391,HR7392)",
                    "dataValue": "",
                    "recordType": 4
                },
                {
                    "description": "Oil Source B Ratio 5 Enable",
                    "address": "7393",
                    "dataValue": "",
                    "recordType": 3
                },
                {
                    "description": "Oil Source B Ratio 5 Alarm Output",
                    "address": "7394",
                    "dataValue": "",
                    "recordType": 3
                },
                {
                    "description": "Oil Source B Ratio 5 Value From Last Measurement Low",
                    "address": "7395",
                    "dataValue": "",
                    "recordType": 3
                },
                {
                    "description": "Oil Source B Ratio 5 Value From Last Measurement High",
                    "address": "7396",
                    "dataValue": "",
                    "recordType": 3
                },
                {
                    "description": "Oil Source B Ratio 5 Value From Last Measurement",
                    "address": "Single(HR7395,HR7396)",
                    "dataValue": "",
                    "recordType": 4
                },
                {
                    "description": "Oil Source B Ratio 5 Output Flags From Last Measurement",
                    "address": "7397",
                    "dataValue": "",
                    "recordType": 3
                }
            ],
            "name": "Oil Source B Ratio 5 Settings 1",
            "type": 0
        }
    ]
}