{
    "sequences": [
        {
            "type": 0,
            "name": "String Ohmic Value 0",
            "records": [
                {
                    "recordType": 3,
                    "address": "45617",
                    "description": "String Ohmic Value Bytes 000-001",
                    "dataValue": ""
                },
                {
                    "recordType": 3,
                    "address": "45618",
                    "description": "String Ohmic Value Bytes 002-003",
                    "dataValue": ""
                },
                {
                    "recordType": 3,
                    "address": "45619",
                    "description": "String Ohmic Value Bytes 004-005",
                    "dataValue": ""
                },
                {
                    "recordType": 3,
                    "address": "45620",
                    "description": "String Ohmic Value Bytes 006-007",
                    "dataValue": ""
                },
                {
                    "recordType": 3,
                    "address": "45621",
                    "description": "String Ohmic Value Bytes 008-009",
                    "dataValue": ""
                },
                {
                    "recordType": 3,
                    "address": "45622",
                    "description": "String Ohmic Value Bytes 010-011",
                    "dataValue": ""
                },
                {
                    "recordType": 3,
                    "address": "45623",
                    "description": "String Ohmic Value Bytes 012-013",
                    "dataValue": ""
                },
                {
                    "recordType": 3,
                    "address": "45624",
                    "description": "String Ohmic Value Bytes 014-015",
                    "dataValue": ""
                },
                {
                    "recordType": 3,
                    "address": "45625",
                    "description": "String Ohmic Value Bytes 016-017",
                    "dataValue": ""
                },
                {
                    "recordType": 3,
                    "address": "45626",
                    "description": "String Ohmic Value Bytes 018-019",
                    "dataValue": ""
                },
                {
                    "recordType": 3,
                    "address": "45627",
                    "description": "String Ohmic Value Bytes 020-021",
                    "dataValue": ""
                },
                {
                    "recordType": 3,
                    "address": "45628",
                    "description": "String Ohmic Value Bytes 022-023",
                    "dataValue": ""
                },
                {
                    "recordType": 3,
                    "address": "45629",
                    "description": "String Ohmic Value Bytes 024-025",
                    "dataValue": ""
                },
                {
                    "recordType": 3,
                    "address": "45630",
                    "description": "String Ohmic Value Bytes 026-027",
                    "dataValue": ""
                },
                {
                    "recordType": 3,
                    "address": "45631",
                    "description": "String Ohmic Value Bytes 028-029",
                    "dataValue": ""
                },
                {
                    "recordType": 3,
                    "address": "45632",
                    "description": "String Ohmic Value Bytes 030-031",
                    "dataValue": ""
                },
                {
                    "recordType": 3,
                    "address": "45633",
                    "description": "String Ohmic Value Bytes 032-033",
                    "dataValue": ""
                },
                {
                    "recordType": 3,
                    "address": "45634",
                    "description": "String Ohmic Value Bytes 034-035",
                    "dataValue": ""
                },
                {
                    "recordType": 3,
                    "address": "45635",
                    "description": "String Ohmic Value Bytes 036-037",
                    "dataValue": ""
                },
                {
                    "recordType": 3,
                    "address": "45636",
                    "description": "String Ohmic Value Bytes 038-039",
                    "dataValue": ""
                },
                {
                    "recordType": 3,
                    "address": "45637",
                    "description": "String Ohmic Value Bytes 040-041",
                    "dataValue": ""
                },
                {
                    "recordType": 3,
                    "address": "45638",
                    "description": "String Ohmic Value Bytes 042-043",
                    "dataValue": ""
                },
                {
                    "recordType": 3,
                    "address": "45639",
                    "description": "String Ohmic Value Bytes 044-045",
                    "dataValue": ""
                },
                {
                    "recordType": 3,
                    "address": "45640",
                    "description": "String Ohmic Value Bytes 046-047",
                    "dataValue": ""
                },
                {
                    "recordType": 3,
                    "address": "45641",
                    "description": "String Ohmic Value Bytes 048-049",
                    "dataValue": ""
                },
                {
                    "recordType": 3,
                    "address": "45642",
                    "description": "String Ohmic Value Bytes 050-051",
                    "dataValue": ""
                },
                {
                    "recordType": 3,
                    "address": "45643",
                    "description": "String Ohmic Value Bytes 052-053",
                    "dataValue": ""
                },
                {
                    "recordType": 3,
                    "address": "45644",
                    "description": "String Ohmic Value Bytes 054-055",
                    "dataValue": ""
                },
                {
                    "recordType": 3,
                    "address": "45645",
                    "description": "String Ohmic Value Bytes 056-057",
                    "dataValue": ""
                },
                {
                    "recordType": 3,
                    "address": "45646",
                    "description": "String Ohmic Value Bytes 058-059",
                    "dataValue": ""
                },
                {
                    "recordType": 3,
                    "address": "45647",
                    "description": "String Ohmic Value Bytes 060-061",
                    "dataValue": ""
                },
                {
                    "recordType": 3,
                    "address": "45648",
                    "description": "String Ohmic Value Bytes 062-063",
                    "dataValue": ""
                },
                {
                    "recordType": 3,
                    "address": "45649",
                    "description": "String Ohmic Value Bytes 064-065",
                    "dataValue": ""
                },
                {
                    "recordType": 3,
                    "address": "45650",
                    "description": "String Ohmic Value Bytes 066-067",
                    "dataValue": ""
                },
                {
                    "recordType": 3,
                    "address": "45651",
                    "description": "String Ohmic Value Bytes 068-069",
                    "dataValue": ""
                },
                {
                    "recordType": 3,
                    "address": "45652",
                    "description": "String Ohmic Value Bytes 070-071",
                    "dataValue": ""
                },
                {
                    "recordType": 3,
                    "address": "45653",
                    "description": "String Ohmic Value Bytes 072-073",
                    "dataValue": ""
                },
                {
                    "recordType": 3,
                    "address": "45654",
                    "description": "String Ohmic Value Bytes 074-075",
                    "dataValue": ""
                },
                {
                    "recordType": 3,
                    "address": "45655",
                    "description": "String Ohmic Value Bytes 076-077",
                    "dataValue": ""
                },
                {
                    "recordType": 3,
                    "address": "45656",
                    "description": "String Ohmic Value Bytes 078-079",
                    "dataValue": ""
                },
                {
                    "recordType": 3,
                    "address": "45657",
                    "description": "String Ohmic Value Bytes 080-081",
                    "dataValue": ""
                },
                {
                    "recordType": 3,
                    "address": "45658",
                    "description": "String Ohmic Value Bytes 082-083",
                    "dataValue": ""
                },
                {
                    "recordType": 3,
                    "address": "45659",
                    "description": "String Ohmic Value Bytes 084-085",
                    "dataValue": ""
                },
                {
                    "recordType": 3,
                    "address": "45660",
                    "description": "String Ohmic Value Bytes 086-087",
                    "dataValue": ""
                },
                {
                    "recordType": 3,
                    "address": "45661",
                    "description": "String Ohmic Value Bytes 088-089",
                    "dataValue": ""
                },
                {
                    "recordType": 3,
                    "address": "45662",
                    "description": "String Ohmic Value Bytes 090-091",
                    "dataValue": ""
                },
                {
                    "recordType": 3,
                    "address": "45663",
                    "description": "String Ohmic Value Bytes 092-093",
                    "dataValue": ""
                },
                {
                    "recordType": 3,
                    "address": "45664",
                    "description": "String Ohmic Value Bytes 094-095",
                    "dataValue": ""
                },
                {
                    "recordType": 3,
                    "address": "45665",
                    "description": "String Ohmic Value Bytes 096-097",
                    "dataValue": ""
                },
                {
                    "recordType": 3,
                    "address": "45666",
                    "description": "String Ohmic Value Bytes 098-099",
                    "dataValue": ""
                },
                {
                    "recordType": 3,
                    "address": "45667",
                    "description": "String Ohmic Value Bytes 100-101",
                    "dataValue": ""
                },
                {
                    "recordType": 3,
                    "address": "45668",
                    "description": "String Ohmic Value Bytes 102-103",
                    "dataValue": ""
                },
                {
                    "recordType": 3,
                    "address": "45669",
                    "description": "String Ohmic Value Bytes 104-105",
                    "dataValue": ""
                },
                {
                    "recordType": 3,
                    "address": "45670",
                    "description": "String Ohmic Value Bytes 106-107",
                    "dataValue": ""
                },
                {
                    "recordType": 3,
                    "address": "45671",
                    "description": "String Ohmic Value Bytes 108-109",
                    "dataValue": ""
                },
                {
                    "recordType": 3,
                    "address": "45672",
                    "description": "String Ohmic Value Bytes 110-111",
                    "dataValue": ""
                },
                {
                    "recordType": 3,
                    "address": "45673",
                    "description": "String Ohmic Value Bytes 112-113",
                    "dataValue": ""
                },
                {
                    "recordType": 3,
                    "address": "45674",
                    "description": "String Ohmic Value Bytes 114-115",
                    "dataValue": ""
                },
                {
                    "recordType": 3,
                    "address": "45675",
                    "description": "String Ohmic Value Bytes 116-117",
                    "dataValue": ""
                },
                {
                    "recordType": 3,
                    "address": "45676",
                    "description": "String Ohmic Value Bytes 118-119",
                    "dataValue": ""
                },
                {
                    "recordType": 3,
                    "address": "45677",
                    "description": "String Ohmic Value Bytes 120-121",
                    "dataValue": ""
                },
                {
                    "recordType": 3,
                    "address": "45678",
                    "description": "String Ohmic Value Bytes 122-123",
                    "dataValue": ""
                },
                {
                    "recordType": 3,
                    "address": "45679",
                    "description": "String Ohmic Value Bytes 124-125",
                    "dataValue": ""
                },
                {
                    "recordType": 3,
                    "address": "45680",
                    "description": "String Ohmic Value Bytes 126-127",
                    "dataValue": ""
                },
                {
                    "recordType": 3,
                    "address": "45681",
                    "description": "String Ohmic Value Bytes 128-129",
                    "dataValue": ""
                },
                {
                    "recordType": 3,
                    "address": "45682",
                    "description": "String Ohmic Value Bytes 130-131",
                    "dataValue": ""
                },
                {
                    "recordType": 3,
                    "address": "45683",
                    "description": "String Ohmic Value Bytes 132-133",
                    "dataValue": ""
                },
                {
                    "recordType": 3,
                    "address": "45684",
                    "description": "String Ohmic Value Bytes 134-135",
                    "dataValue": ""
                },
                {
                    "recordType": 3,
                    "address": "45685",
                    "description": "String Ohmic Value Bytes 136-137",
                    "dataValue": ""
                },
                {
                    "recordType": 3,
                    "address": "45686",
                    "description": "String Ohmic Value Bytes 138-139",
                    "dataValue": ""
                },
                {
                    "recordType": 3,
                    "address": "45687",
                    "description": "String Ohmic Value Bytes 140-141",
                    "dataValue": ""
                },
                {
                    "recordType": 3,
                    "address": "45688",
                    "description": "String Ohmic Value Bytes 142-143",
                    "dataValue": ""
                },
                {
                    "recordType": 3,
                    "address": "45689",
                    "description": "String Ohmic Value Bytes 144-145",
                    "dataValue": ""
                },
                {
                    "recordType": 3,
                    "address": "45690",
                    "description": "String Ohmic Value Bytes 146-147",
                    "dataValue": ""
                },
                {
                    "recordType": 3,
                    "address": "45691",
                    "description": "String Ohmic Value Bytes 148-149",
                    "dataValue": ""
                },
                {
                    "recordType": 3,
                    "address": "45692",
                    "description": "String Ohmic Value Bytes 150-151",
                    "dataValue": ""
                },
                {
                    "recordType": 3,
                    "address": "45693",
                    "description": "String Ohmic Value Bytes 152-153",
                    "dataValue": ""
                },
                {
                    "recordType": 3,
                    "address": "45694",
                    "description": "String Ohmic Value Bytes 154-155",
                    "dataValue": ""
                },
                {
                    "recordType": 3,
                    "address": "45695",
                    "description": "String Ohmic Value Bytes 156-157",
                    "dataValue": ""
                },
                {
                    "recordType": 3,
                    "address": "45696",
                    "description": "String Ohmic Value Bytes 158-159",
                    "dataValue": ""
                },
                {
                    "recordType": 3,
                    "address": "45697",
                    "description": "String Ohmic Value Bytes 160-161",
                    "dataValue": ""
                },
                {
                    "recordType": 3,
                    "address": "45698",
                    "description": "String Ohmic Value Bytes 162-163",
                    "dataValue": ""
                },
                {
                    "recordType": 3,
                    "address": "45699",
                    "description": "String Ohmic Value Bytes 164-165",
                    "dataValue": ""
                },
                {
                    "recordType": 3,
                    "address": "45700",
                    "description": "String Ohmic Value Bytes 166-167",
                    "dataValue": ""
                },
                {
                    "recordType": 3,
                    "address": "45701",
                    "description": "String Ohmic Value Bytes 168-169",
                    "dataValue": ""
                },
                {
                    "recordType": 3,
                    "address": "45702",
                    "description": "String Ohmic Value Bytes 170-171",
                    "dataValue": ""
                },
                {
                    "recordType": 3,
                    "address": "45703",
                    "description": "String Ohmic Value Bytes 172-173",
                    "dataValue": ""
                },
                {
                    "recordType": 3,
                    "address": "45704",
                    "description": "String Ohmic Value Bytes 174-175",
                    "dataValue": ""
                },
                {
                    "recordType": 3,
                    "address": "45705",
                    "description": "String Ohmic Value Bytes 176-177",
                    "dataValue": ""
                },
                {
                    "recordType": 3,
                    "address": "45706",
                    "description": "String Ohmic Value Bytes 178-179",
                    "dataValue": ""
                },
                {
                    "recordType": 3,
                    "address": "45707",
                    "description": "String Ohmic Value Bytes 180-181",
                    "dataValue": ""
                },
                {
                    "recordType": 3,
                    "address": "45708",
                    "description": "String Ohmic Value Bytes 182-183",
                    "dataValue": ""
                },
                {
                    "recordType": 3,
                    "address": "45709",
                    "description": "String Ohmic Value Bytes 184-185",
                    "dataValue": ""
                },
                {
                    "recordType": 3,
                    "address": "45710",
                    "description": "String Ohmic Value Bytes 186-187",
                    "dataValue": ""
                },
                {
                    "recordType": 3,
                    "address": "45711",
                    "description": "String Ohmic Value Bytes 188-189",
                    "dataValue": ""
                },
                {
                    "recordType": 3,
                    "address": "45712",
                    "description": "String Ohmic Value Bytes 190-191",
                    "dataValue": ""
                },
                {
                    "recordType": 3,
                    "address": "45713",
                    "description": "String Ohmic Value Bytes 192-193",
                    "dataValue": ""
                },
                {
                    "recordType": 3,
                    "address": "45714",
                    "description": "String Ohmic Value Bytes 194-195",
                    "dataValue": ""
                },
                {
                    "recordType": 3,
                    "address": "45715",
                    "description": "String Ohmic Value Bytes 196-197",
                    "dataValue": ""
                },
                {
                    "recordType": 3,
                    "address": "45716",
                    "description": "String Ohmic Value Bytes 198-199",
                    "dataValue": ""
                }
            ]
        },
        {
            "type": 0,
            "name": "String Ohmic Value 1",
            "records": [
                {
                    "recordType": 3,
                    "address": "45717",
                    "description": "String Ohmic Value Bytes 200-201",
                    "dataValue": ""
                },
                {
                    "recordType": 3,
                    "address": "45718",
                    "description": "String Ohmic Value Bytes 202-203",
                    "dataValue": ""
                },
                {
                    "recordType": 3,
                    "address": "45719",
                    "description": "String Ohmic Value Bytes 204-205",
                    "dataValue": ""
                },
                {
                    "recordType": 3,
                    "address": "45720",
                    "description": "String Ohmic Value Bytes 206-207",
                    "dataValue": ""
                },
                {
                    "recordType": 3,
                    "address": "45721",
                    "description": "String Ohmic Value Bytes 208-209",
                    "dataValue": ""
                },
                {
                    "recordType": 3,
                    "address": "45722",
                    "description": "String Ohmic Value Bytes 210-211",
                    "dataValue": ""
                },
                {
                    "recordType": 3,
                    "address": "45723",
                    "description": "String Ohmic Value Bytes 212-213",
                    "dataValue": ""
                },
                {
                    "recordType": 3,
                    "address": "45724",
                    "description": "String Ohmic Value Bytes 214-215",
                    "dataValue": ""
                },
                {
                    "recordType": 3,
                    "address": "45725",
                    "description": "String Ohmic Value Bytes 216-217",
                    "dataValue": ""
                },
                {
                    "recordType": 3,
                    "address": "45726",
                    "description": "String Ohmic Value Bytes 218-219",
                    "dataValue": ""
                },
                {
                    "recordType": 3,
                    "address": "45727",
                    "description": "String Ohmic Value Bytes 220-221",
                    "dataValue": ""
                },
                {
                    "recordType": 3,
                    "address": "45728",
                    "description": "String Ohmic Value Bytes 222-223",
                    "dataValue": ""
                },
                {
                    "recordType": 3,
                    "address": "45729",
                    "description": "String Ohmic Value Bytes 224-225",
                    "dataValue": ""
                },
                {
                    "recordType": 3,
                    "address": "45730",
                    "description": "String Ohmic Value Bytes 226-227",
                    "dataValue": ""
                },
                {
                    "recordType": 3,
                    "address": "45731",
                    "description": "String Ohmic Value Bytes 228-229",
                    "dataValue": ""
                },
                {
                    "recordType": 3,
                    "address": "45732",
                    "description": "String Ohmic Value Bytes 230-231",
                    "dataValue": ""
                },
                {
                    "recordType": 3,
                    "address": "45733",
                    "description": "String Ohmic Value Bytes 232-233",
                    "dataValue": ""
                },
                {
                    "recordType": 3,
                    "address": "45734",
                    "description": "String Ohmic Value Bytes 234-235",
                    "dataValue": ""
                },
                {
                    "recordType": 3,
                    "address": "45735",
                    "description": "String Ohmic Value Bytes 236-237",
                    "dataValue": ""
                },
                {
                    "recordType": 3,
                    "address": "45736",
                    "description": "String Ohmic Value Bytes 238-239",
                    "dataValue": ""
                },
                {
                    "recordType": 3,
                    "address": "45737",
                    "description": "String Ohmic Value Bytes 240-241",
                    "dataValue": ""
                },
                {
                    "recordType": 3,
                    "address": "45738",
                    "description": "String Ohmic Value Bytes 242-243",
                    "dataValue": ""
                },
                {
                    "recordType": 3,
                    "address": "45739",
                    "description": "String Ohmic Value Bytes 244-245",
                    "dataValue": ""
                },
                {
                    "recordType": 3,
                    "address": "45740",
                    "description": "String Ohmic Value Bytes 246-247",
                    "dataValue": ""
                },
                {
                    "recordType": 3,
                    "address": "45741",
                    "description": "String Ohmic Value Bytes 248-249",
                    "dataValue": ""
                },
                {
                    "recordType": 3,
                    "address": "45742",
                    "description": "String Ohmic Value Bytes 250-251",
                    "dataValue": ""
                },
                {
                    "recordType": 3,
                    "address": "45743",
                    "description": "String Ohmic Value Bytes 252-253",
                    "dataValue": ""
                },
                {
                    "recordType": 3,
                    "address": "45744",
                    "description": "String Ohmic Value Bytes 254-255",
                    "dataValue": ""
                },
                {
                    "recordType": 3,
                    "address": "45745",
                    "description": "String Ohmic Value Bytes 256-257",
                    "dataValue": ""
                },
                {
                    "recordType": 3,
                    "address": "45746",
                    "description": "String Ohmic Value Bytes 258-259",
                    "dataValue": ""
                },
                {
                    "recordType": 3,
                    "address": "45747",
                    "description": "String Ohmic Value Bytes 260-261",
                    "dataValue": ""
                },
                {
                    "recordType": 3,
                    "address": "45748",
                    "description": "String Ohmic Value Bytes 262-263",
                    "dataValue": ""
                },
                {
                    "recordType": 3,
                    "address": "45749",
                    "description": "String Ohmic Value Bytes 264-265",
                    "dataValue": ""
                },
                {
                    "recordType": 3,
                    "address": "45750",
                    "description": "String Ohmic Value Bytes 266-267",
                    "dataValue": ""
                },
                {
                    "recordType": 3,
                    "address": "45751",
                    "description": "String Ohmic Value Bytes 268-269",
                    "dataValue": ""
                },
                {
                    "recordType": 3,
                    "address": "45752",
                    "description": "String Ohmic Value Bytes 270-271",
                    "dataValue": ""
                },
                {
                    "recordType": 3,
                    "address": "45753",
                    "description": "String Ohmic Value Bytes 272-273",
                    "dataValue": ""
                },
                {
                    "recordType": 3,
                    "address": "45754",
                    "description": "String Ohmic Value Bytes 274-275",
                    "dataValue": ""
                },
                {
                    "recordType": 3,
                    "address": "45755",
                    "description": "String Ohmic Value Bytes 276-277",
                    "dataValue": ""
                },
                {
                    "recordType": 3,
                    "address": "45756",
                    "description": "String Ohmic Value Bytes 278-279",
                    "dataValue": ""
                },
                {
                    "recordType": 3,
                    "address": "45757",
                    "description": "String Ohmic Value Bytes 280-281",
                    "dataValue": ""
                },
                {
                    "recordType": 3,
                    "address": "45758",
                    "description": "String Ohmic Value Bytes 282-283",
                    "dataValue": ""
                },
                {
                    "recordType": 3,
                    "address": "45759",
                    "description": "String Ohmic Value Bytes 284-285",
                    "dataValue": ""
                },
                {
                    "recordType": 3,
                    "address": "45760",
                    "description": "String Ohmic Value Bytes 286-287",
                    "dataValue": ""
                },
                {
                    "recordType": 3,
                    "address": "45761",
                    "description": "String Ohmic Value Bytes 288-289",
                    "dataValue": ""
                },
                {
                    "recordType": 3,
                    "address": "45762",
                    "description": "String Ohmic Value Bytes 290-291",
                    "dataValue": ""
                },
                {
                    "recordType": 3,
                    "address": "45763",
                    "description": "String Ohmic Value Bytes 292-293",
                    "dataValue": ""
                },
                {
                    "recordType": 3,
                    "address": "45764",
                    "description": "String Ohmic Value Bytes 294-295",
                    "dataValue": ""
                },
                {
                    "recordType": 3,
                    "address": "45765",
                    "description": "String Ohmic Value Bytes 296-297",
                    "dataValue": ""
                },
                {
                    "recordType": 3,
                    "address": "45766",
                    "description": "String Ohmic Value Bytes 298-299",
                    "dataValue": ""
                },
                {
                    "recordType": 3,
                    "address": "45767",
                    "description": "String Ohmic Value Bytes 300-301",
                    "dataValue": ""
                },
                {
                    "recordType": 3,
                    "address": "45768",
                    "description": "String Ohmic Value Bytes 302-303",
                    "dataValue": ""
                },
                {
                    "recordType": 3,
                    "address": "45769",
                    "description": "String Ohmic Value Bytes 304-305",
                    "dataValue": ""
                },
                {
                    "recordType": 3,
                    "address": "45770",
                    "description": "String Ohmic Value Bytes 306-307",
                    "dataValue": ""
                },
                {
                    "recordType": 3,
                    "address": "45771",
                    "description": "String Ohmic Value Bytes 308-309",
                    "dataValue": ""
                },
                {
                    "recordType": 3,
                    "address": "45772",
                    "description": "String Ohmic Value Bytes 310-311",
                    "dataValue": ""
                },
                {
                    "recordType": 3,
                    "address": "45773",
                    "description": "String Ohmic Value Bytes 312-313",
                    "dataValue": ""
                },
                {
                    "recordType": 3,
                    "address": "45774",
                    "description": "String Ohmic Value Bytes 314-315",
                    "dataValue": ""
                },
                {
                    "recordType": 3,
                    "address": "45775",
                    "description": "String Ohmic Value Bytes 316-317",
                    "dataValue": ""
                },
                {
                    "recordType": 3,
                    "address": "45776",
                    "description": "String Ohmic Value Bytes 318-319",
                    "dataValue": ""
                },
                {
                    "recordType": 3,
                    "address": "45777",
                    "description": "String Ohmic Value Bytes 320-321",
                    "dataValue": ""
                },
                {
                    "recordType": 3,
                    "address": "45778",
                    "description": "String Ohmic Value Bytes 322-323",
                    "dataValue": ""
                },
                {
                    "recordType": 3,
                    "address": "45779",
                    "description": "String Ohmic Value Bytes 324-325",
                    "dataValue": ""
                },
                {
                    "recordType": 3,
                    "address": "45780",
                    "description": "String Ohmic Value Bytes 326-327",
                    "dataValue": ""
                },
                {
                    "recordType": 3,
                    "address": "45781",
                    "description": "String Ohmic Value Bytes 328-329",
                    "dataValue": ""
                },
                {
                    "recordType": 3,
                    "address": "45782",
                    "description": "String Ohmic Value Bytes 330-331",
                    "dataValue": ""
                },
                {
                    "recordType": 3,
                    "address": "45783",
                    "description": "String Ohmic Value Bytes 332-333",
                    "dataValue": ""
                },
                {
                    "recordType": 3,
                    "address": "45784",
                    "description": "String Ohmic Value Bytes 334-335",
                    "dataValue": ""
                },
                {
                    "recordType": 3,
                    "address": "45785",
                    "description": "String Ohmic Value Bytes 336-337",
                    "dataValue": ""
                },
                {
                    "recordType": 3,
                    "address": "45786",
                    "description": "String Ohmic Value Bytes 338-339",
                    "dataValue": ""
                },
                {
                    "recordType": 3,
                    "address": "45787",
                    "description": "String Ohmic Value Bytes 340-341",
                    "dataValue": ""
                },
                {
                    "recordType": 3,
                    "address": "45788",
                    "description": "String Ohmic Value Bytes 342-343",
                    "dataValue": ""
                },
                {
                    "recordType": 3,
                    "address": "45789",
                    "description": "String Ohmic Value Bytes 344-345",
                    "dataValue": ""
                },
                {
                    "recordType": 3,
                    "address": "45790",
                    "description": "String Ohmic Value Bytes 346-347",
                    "dataValue": ""
                },
                {
                    "recordType": 3,
                    "address": "45791",
                    "description": "String Ohmic Value Bytes 348-349",
                    "dataValue": ""
                },
                {
                    "recordType": 3,
                    "address": "45792",
                    "description": "String Ohmic Value Bytes 350-351",
                    "dataValue": ""
                },
                {
                    "recordType": 3,
                    "address": "45793",
                    "description": "String Ohmic Value Bytes 352-353",
                    "dataValue": ""
                },
                {
                    "recordType": 3,
                    "address": "45794",
                    "description": "String Ohmic Value Bytes 354-355",
                    "dataValue": ""
                },
                {
                    "recordType": 3,
                    "address": "45795",
                    "description": "String Ohmic Value Bytes 356-357",
                    "dataValue": ""
                },
                {
                    "recordType": 3,
                    "address": "45796",
                    "description": "String Ohmic Value Bytes 358-359",
                    "dataValue": ""
                },
                {
                    "recordType": 3,
                    "address": "45797",
                    "description": "String Ohmic Value Bytes 360-361",
                    "dataValue": ""
                },
                {
                    "recordType": 3,
                    "address": "45798",
                    "description": "String Ohmic Value Bytes 362-363",
                    "dataValue": ""
                },
                {
                    "recordType": 3,
                    "address": "45799",
                    "description": "String Ohmic Value Bytes 364-365",
                    "dataValue": ""
                },
                {
                    "recordType": 3,
                    "address": "45800",
                    "description": "String Ohmic Value Bytes 366-367",
                    "dataValue": ""
                },
                {
                    "recordType": 3,
                    "address": "45801",
                    "description": "String Ohmic Value Bytes 368-369",
                    "dataValue": ""
                },
                {
                    "recordType": 3,
                    "address": "45802",
                    "description": "String Ohmic Value Bytes 370-371",
                    "dataValue": ""
                },
                {
                    "recordType": 3,
                    "address": "45803",
                    "description": "String Ohmic Value Bytes 372-373",
                    "dataValue": ""
                },
                {
                    "recordType": 3,
                    "address": "45804",
                    "description": "String Ohmic Value Bytes 374-375",
                    "dataValue": ""
                },
                {
                    "recordType": 3,
                    "address": "45805",
                    "description": "String Ohmic Value Bytes 376-377",
                    "dataValue": ""
                },
                {
                    "recordType": 3,
                    "address": "45806",
                    "description": "String Ohmic Value Bytes 378-379",
                    "dataValue": ""
                },
                {
                    "recordType": 3,
                    "address": "45807",
                    "description": "String Ohmic Value Bytes 380-381",
                    "dataValue": ""
                },
                {
                    "recordType": 3,
                    "address": "45808",
                    "description": "String Ohmic Value Bytes 382-383",
                    "dataValue": ""
                },
                {
                    "recordType": 3,
                    "address": "45809",
                    "description": "String Ohmic Value Bytes 384-385",
                    "dataValue": ""
                },
                {
                    "recordType": 3,
                    "address": "45810",
                    "description": "String Ohmic Value Bytes 386-387",
                    "dataValue": ""
                },
                {
                    "recordType": 3,
                    "address": "45811",
                    "description": "String Ohmic Value Bytes 388-389",
                    "dataValue": ""
                },
                {
                    "recordType": 3,
                    "address": "45812",
                    "description": "String Ohmic Value Bytes 390-391",
                    "dataValue": ""
                },
                {
                    "recordType": 3,
                    "address": "45813",
                    "description": "String Ohmic Value Bytes 392-393",
                    "dataValue": ""
                },
                {
                    "recordType": 3,
                    "address": "45814",
                    "description": "String Ohmic Value Bytes 394-395",
                    "dataValue": ""
                },
                {
                    "recordType": 3,
                    "address": "45815",
                    "description": "String Ohmic Value Bytes 396-397",
                    "dataValue": ""
                },
                {
                    "recordType": 3,
                    "address": "45816",
                    "description": "String Ohmic Value Bytes 398-399",
                    "dataValue": ""
                }
            ]
        },
        {
            "type": 0,
            "name": "String Ohmic Value 2",
            "records": [
                {
                    "recordType": 3,
                    "address": "45817",
                    "description": "String Ohmic Value Bytes 400-401",
                    "dataValue": ""
                },
                {
                    "recordType": 3,
                    "address": "45818",
                    "description": "String Ohmic Value Bytes 402-403",
                    "dataValue": ""
                },
                {
                    "recordType": 3,
                    "address": "45819",
                    "description": "String Ohmic Value Bytes 404-405",
                    "dataValue": ""
                },
                {
                    "recordType": 3,
                    "address": "45820",
                    "description": "String Ohmic Value Bytes 406-407",
                    "dataValue": ""
                },
                {
                    "recordType": 3,
                    "address": "45821",
                    "description": "String Ohmic Value Bytes 408-409",
                    "dataValue": ""
                },
                {
                    "recordType": 3,
                    "address": "45822",
                    "description": "String Ohmic Value Bytes 410-411",
                    "dataValue": ""
                },
                {
                    "recordType": 3,
                    "address": "45823",
                    "description": "String Ohmic Value Bytes 412-413",
                    "dataValue": ""
                },
                {
                    "recordType": 3,
                    "address": "45824",
                    "description": "String Ohmic Value Bytes 414-415",
                    "dataValue": ""
                },
                {
                    "recordType": 3,
                    "address": "45825",
                    "description": "String Ohmic Value Bytes 416-417",
                    "dataValue": ""
                },
                {
                    "recordType": 3,
                    "address": "45826",
                    "description": "String Ohmic Value Bytes 418-419",
                    "dataValue": ""
                },
                {
                    "recordType": 3,
                    "address": "45827",
                    "description": "String Ohmic Value Bytes 420-421",
                    "dataValue": ""
                },
                {
                    "recordType": 3,
                    "address": "45828",
                    "description": "String Ohmic Value Bytes 422-423",
                    "dataValue": ""
                },
                {
                    "recordType": 3,
                    "address": "45829",
                    "description": "String Ohmic Value Bytes 424-425",
                    "dataValue": ""
                },
                {
                    "recordType": 3,
                    "address": "45830",
                    "description": "String Ohmic Value Bytes 426-427",
                    "dataValue": ""
                },
                {
                    "recordType": 3,
                    "address": "45831",
                    "description": "String Ohmic Value Bytes 428-429",
                    "dataValue": ""
                },
                {
                    "recordType": 3,
                    "address": "45832",
                    "description": "String Ohmic Value Bytes 430-431",
                    "dataValue": ""
                },
                {
                    "recordType": 3,
                    "address": "45833",
                    "description": "String Ohmic Value Bytes 432-433",
                    "dataValue": ""
                },
                {
                    "recordType": 3,
                    "address": "45834",
                    "description": "String Ohmic Value Bytes 434-435",
                    "dataValue": ""
                },
                {
                    "recordType": 3,
                    "address": "45835",
                    "description": "String Ohmic Value Bytes 436-437",
                    "dataValue": ""
                },
                {
                    "recordType": 3,
                    "address": "45836",
                    "description": "String Ohmic Value Bytes 438-439",
                    "dataValue": ""
                },
                {
                    "recordType": 3,
                    "address": "45837",
                    "description": "String Ohmic Value Bytes 440-441",
                    "dataValue": ""
                },
                {
                    "recordType": 3,
                    "address": "45838",
                    "description": "String Ohmic Value Bytes 442-443",
                    "dataValue": ""
                },
                {
                    "recordType": 3,
                    "address": "45839",
                    "description": "String Ohmic Value Bytes 444-445",
                    "dataValue": ""
                },
                {
                    "recordType": 3,
                    "address": "45840",
                    "description": "String Ohmic Value Bytes 446-447",
                    "dataValue": ""
                },
                {
                    "recordType": 3,
                    "address": "45841",
                    "description": "String Ohmic Value Bytes 448-449",
                    "dataValue": ""
                },
                {
                    "recordType": 3,
                    "address": "45842",
                    "description": "String Ohmic Value Bytes 450-451",
                    "dataValue": ""
                },
                {
                    "recordType": 3,
                    "address": "45843",
                    "description": "String Ohmic Value Bytes 452-453",
                    "dataValue": ""
                },
                {
                    "recordType": 3,
                    "address": "45844",
                    "description": "String Ohmic Value Bytes 454-455",
                    "dataValue": ""
                },
                {
                    "recordType": 3,
                    "address": "45845",
                    "description": "String Ohmic Value Bytes 456-457",
                    "dataValue": ""
                },
                {
                    "recordType": 3,
                    "address": "45846",
                    "description": "String Ohmic Value Bytes 458-459",
                    "dataValue": ""
                },
                {
                    "recordType": 3,
                    "address": "45847",
                    "description": "String Ohmic Value Bytes 460-461",
                    "dataValue": ""
                },
                {
                    "recordType": 3,
                    "address": "45848",
                    "description": "String Ohmic Value Bytes 462-463",
                    "dataValue": ""
                },
                {
                    "recordType": 3,
                    "address": "45849",
                    "description": "String Ohmic Value Bytes 464-465",
                    "dataValue": ""
                },
                {
                    "recordType": 3,
                    "address": "45850",
                    "description": "String Ohmic Value Bytes 466-467",
                    "dataValue": ""
                },
                {
                    "recordType": 3,
                    "address": "45851",
                    "description": "String Ohmic Value Bytes 468-469",
                    "dataValue": ""
                },
                {
                    "recordType": 3,
                    "address": "45852",
                    "description": "String Ohmic Value Bytes 470-471",
                    "dataValue": ""
                },
                {
                    "recordType": 3,
                    "address": "45853",
                    "description": "String Ohmic Value Bytes 472-473",
                    "dataValue": ""
                },
                {
                    "recordType": 3,
                    "address": "45854",
                    "description": "String Ohmic Value Bytes 474-475",
                    "dataValue": ""
                },
                {
                    "recordType": 3,
                    "address": "45855",
                    "description": "String Ohmic Value Bytes 476-477",
                    "dataValue": ""
                },
                {
                    "recordType": 3,
                    "address": "45856",
                    "description": "String Ohmic Value Bytes 478-479",
                    "dataValue": ""
                },
                {
                    "recordType": 3,
                    "address": "45857",
                    "description": "String Ohmic Value Bytes 480-481",
                    "dataValue": ""
                },
                {
                    "recordType": 3,
                    "address": "45858",
                    "description": "String Ohmic Value Bytes 482-483",
                    "dataValue": ""
                },
                {
                    "recordType": 3,
                    "address": "45859",
                    "description": "String Ohmic Value Bytes 484-485",
                    "dataValue": ""
                },
                {
                    "recordType": 3,
                    "address": "45860",
                    "description": "String Ohmic Value Bytes 486-487",
                    "dataValue": ""
                },
                {
                    "recordType": 3,
                    "address": "45861",
                    "description": "String Ohmic Value Bytes 488-489",
                    "dataValue": ""
                },
                {
                    "recordType": 3,
                    "address": "45862",
                    "description": "String Ohmic Value Bytes 490-491",
                    "dataValue": ""
                },
                {
                    "recordType": 3,
                    "address": "45863",
                    "description": "String Ohmic Value Bytes 492-493",
                    "dataValue": ""
                },
                {
                    "recordType": 3,
                    "address": "45864",
                    "description": "String Ohmic Value Bytes 494-495",
                    "dataValue": ""
                },
                {
                    "recordType": 3,
                    "address": "45865",
                    "description": "String Ohmic Value Bytes 496-497",
                    "dataValue": ""
                },
                {
                    "recordType": 3,
                    "address": "45866",
                    "description": "String Ohmic Value Bytes 498-499",
                    "dataValue": ""
                },
                {
                    "recordType": 3,
                    "address": "45867",
                    "description": "String Ohmic Value Bytes 500-501",
                    "dataValue": ""
                },
                {
                    "recordType": 3,
                    "address": "45868",
                    "description": "String Ohmic Value Bytes 502-503",
                    "dataValue": ""
                },
                {
                    "recordType": 3,
                    "address": "45869",
                    "description": "String Ohmic Value Bytes 504-505",
                    "dataValue": ""
                },
                {
                    "recordType": 3,
                    "address": "45870",
                    "description": "String Ohmic Value Bytes 506-507",
                    "dataValue": ""
                },
                {
                    "recordType": 3,
                    "address": "45871",
                    "description": "String Ohmic Value Bytes 508-509",
                    "dataValue": ""
                },
                {
                    "recordType": 3,
                    "address": "45872",
                    "description": "String Ohmic Value Bytes 510-511",
                    "dataValue": ""
                }
            ]
        }
    ]
}