{
    "sequences": [
        {
            "name": "String FED Electrolyte Alarm Enabled 0",
            "type": 0,
            "records": [
                {
                    "dataValue": "",
                    "recordType": 3,
                    "description": "String FED Electrolyte Alarm Enabled Bytes 000-001",
                    "address": "13552"
                },
                {
                    "dataValue": "",
                    "recordType": 3,
                    "description": "String FED Electrolyte Alarm Enabled Bytes 002-003",
                    "address": "13553"
                },
                {
                    "dataValue": "",
                    "recordType": 3,
                    "description": "String FED Electrolyte Alarm Enabled Bytes 004-005",
                    "address": "13554"
                },
                {
                    "dataValue": "",
                    "recordType": 3,
                    "description": "String FED Electrolyte Alarm Enabled Bytes 006-007",
                    "address": "13555"
                },
                {
                    "dataValue": "",
                    "recordType": 3,
                    "description": "String FED Electrolyte Alarm Enabled Bytes 008-009",
                    "address": "13556"
                },
                {
                    "dataValue": "",
                    "recordType": 3,
                    "description": "String FED Electrolyte Alarm Enabled Bytes 010-011",
                    "address": "13557"
                },
                {
                    "dataValue": "",
                    "recordType": 3,
                    "description": "String FED Electrolyte Alarm Enabled Bytes 012-013",
                    "address": "13558"
                },
                {
                    "dataValue": "",
                    "recordType": 3,
                    "description": "String FED Electrolyte Alarm Enabled Bytes 014-015",
                    "address": "13559"
                },
                {
                    "dataValue": "",
                    "recordType": 3,
                    "description": "String FED Electrolyte Alarm Enabled Bytes 016-017",
                    "address": "13560"
                },
                {
                    "dataValue": "",
                    "recordType": 3,
                    "description": "String FED Electrolyte Alarm Enabled Bytes 018-019",
                    "address": "13561"
                },
                {
                    "dataValue": "",
                    "recordType": 3,
                    "description": "String FED Electrolyte Alarm Enabled Bytes 020-021",
                    "address": "13562"
                },
                {
                    "dataValue": "",
                    "recordType": 3,
                    "description": "String FED Electrolyte Alarm Enabled Bytes 022-023",
                    "address": "13563"
                },
                {
                    "dataValue": "",
                    "recordType": 3,
                    "description": "String FED Electrolyte Alarm Enabled Bytes 024-025",
                    "address": "13564"
                },
                {
                    "dataValue": "",
                    "recordType": 3,
                    "description": "String FED Electrolyte Alarm Enabled Bytes 026-027",
                    "address": "13565"
                },
                {
                    "dataValue": "",
                    "recordType": 3,
                    "description": "String FED Electrolyte Alarm Enabled Bytes 028-029",
                    "address": "13566"
                },
                {
                    "dataValue": "",
                    "recordType": 3,
                    "description": "String FED Electrolyte Alarm Enabled Bytes 030-031",
                    "address": "13567"
                },
                {
                    "dataValue": "",
                    "recordType": 3,
                    "description": "String FED Electrolyte Alarm Enabled Bytes 032-033",
                    "address": "13568"
                },
                {
                    "dataValue": "",
                    "recordType": 3,
                    "description": "String FED Electrolyte Alarm Enabled Bytes 034-035",
                    "address": "13569"
                },
                {
                    "dataValue": "",
                    "recordType": 3,
                    "description": "String FED Electrolyte Alarm Enabled Bytes 036-037",
                    "address": "13570"
                },
                {
                    "dataValue": "",
                    "recordType": 3,
                    "description": "String FED Electrolyte Alarm Enabled Bytes 038-039",
                    "address": "13571"
                },
                {
                    "dataValue": "",
                    "recordType": 3,
                    "description": "String FED Electrolyte Alarm Enabled Bytes 040-041",
                    "address": "13572"
                },
                {
                    "dataValue": "",
                    "recordType": 3,
                    "description": "String FED Electrolyte Alarm Enabled Bytes 042-043",
                    "address": "13573"
                },
                {
                    "dataValue": "",
                    "recordType": 3,
                    "description": "String FED Electrolyte Alarm Enabled Bytes 044-045",
                    "address": "13574"
                },
                {
                    "dataValue": "",
                    "recordType": 3,
                    "description": "String FED Electrolyte Alarm Enabled Bytes 046-047",
                    "address": "13575"
                },
                {
                    "dataValue": "",
                    "recordType": 3,
                    "description": "String FED Electrolyte Alarm Enabled Bytes 048-049",
                    "address": "13576"
                },
                {
                    "dataValue": "",
                    "recordType": 3,
                    "description": "String FED Electrolyte Alarm Enabled Bytes 050-051",
                    "address": "13577"
                },
                {
                    "dataValue": "",
                    "recordType": 3,
                    "description": "String FED Electrolyte Alarm Enabled Bytes 052-053",
                    "address": "13578"
                },
                {
                    "dataValue": "",
                    "recordType": 3,
                    "description": "String FED Electrolyte Alarm Enabled Bytes 054-055",
                    "address": "13579"
                },
                {
                    "dataValue": "",
                    "recordType": 3,
                    "description": "String FED Electrolyte Alarm Enabled Bytes 056-057",
                    "address": "13580"
                },
                {
                    "dataValue": "",
                    "recordType": 3,
                    "description": "String FED Electrolyte Alarm Enabled Bytes 058-059",
                    "address": "13581"
                },
                {
                    "dataValue": "",
                    "recordType": 3,
                    "description": "String FED Electrolyte Alarm Enabled Bytes 060-061",
                    "address": "13582"
                },
                {
                    "dataValue": "",
                    "recordType": 3,
                    "description": "String FED Electrolyte Alarm Enabled Bytes 062-063",
                    "address": "13583"
                },
                {
                    "dataValue": "",
                    "recordType": 3,
                    "description": "String FED Electrolyte Alarm Enabled Bytes 064-065",
                    "address": "13584"
                },
                {
                    "dataValue": "",
                    "recordType": 3,
                    "description": "String FED Electrolyte Alarm Enabled Bytes 066-067",
                    "address": "13585"
                },
                {
                    "dataValue": "",
                    "recordType": 3,
                    "description": "String FED Electrolyte Alarm Enabled Bytes 068-069",
                    "address": "13586"
                },
                {
                    "dataValue": "",
                    "recordType": 3,
                    "description": "String FED Electrolyte Alarm Enabled Bytes 070-071",
                    "address": "13587"
                },
                {
                    "dataValue": "",
                    "recordType": 3,
                    "description": "String FED Electrolyte Alarm Enabled Bytes 072-073",
                    "address": "13588"
                },
                {
                    "dataValue": "",
                    "recordType": 3,
                    "description": "String FED Electrolyte Alarm Enabled Bytes 074-075",
                    "address": "13589"
                },
                {
                    "dataValue": "",
                    "recordType": 3,
                    "description": "String FED Electrolyte Alarm Enabled Bytes 076-077",
                    "address": "13590"
                },
                {
                    "dataValue": "",
                    "recordType": 3,
                    "description": "String FED Electrolyte Alarm Enabled Bytes 078-079",
                    "address": "13591"
                },
                {
                    "dataValue": "",
                    "recordType": 3,
                    "description": "String FED Electrolyte Alarm Enabled Bytes 080-081",
                    "address": "13592"
                },
                {
                    "dataValue": "",
                    "recordType": 3,
                    "description": "String FED Electrolyte Alarm Enabled Bytes 082-083",
                    "address": "13593"
                },
                {
                    "dataValue": "",
                    "recordType": 3,
                    "description": "String FED Electrolyte Alarm Enabled Bytes 084-085",
                    "address": "13594"
                },
                {
                    "dataValue": "",
                    "recordType": 3,
                    "description": "String FED Electrolyte Alarm Enabled Bytes 086-087",
                    "address": "13595"
                },
                {
                    "dataValue": "",
                    "recordType": 3,
                    "description": "String FED Electrolyte Alarm Enabled Bytes 088-089",
                    "address": "13596"
                },
                {
                    "dataValue": "",
                    "recordType": 3,
                    "description": "String FED Electrolyte Alarm Enabled Bytes 090-091",
                    "address": "13597"
                },
                {
                    "dataValue": "",
                    "recordType": 3,
                    "description": "String FED Electrolyte Alarm Enabled Bytes 092-093",
                    "address": "13598"
                },
                {
                    "dataValue": "",
                    "recordType": 3,
                    "description": "String FED Electrolyte Alarm Enabled Bytes 094-095",
                    "address": "13599"
                },
                {
                    "dataValue": "",
                    "recordType": 3,
                    "description": "String FED Electrolyte Alarm Enabled Bytes 096-097",
                    "address": "13600"
                },
                {
                    "dataValue": "",
                    "recordType": 3,
                    "description": "String FED Electrolyte Alarm Enabled Bytes 098-099",
                    "address": "13601"
                },
                {
                    "dataValue": "",
                    "recordType": 3,
                    "description": "String FED Electrolyte Alarm Enabled Bytes 100-101",
                    "address": "13602"
                },
                {
                    "dataValue": "",
                    "recordType": 3,
                    "description": "String FED Electrolyte Alarm Enabled Bytes 102-103",
                    "address": "13603"
                },
                {
                    "dataValue": "",
                    "recordType": 3,
                    "description": "String FED Electrolyte Alarm Enabled Bytes 104-105",
                    "address": "13604"
                },
                {
                    "dataValue": "",
                    "recordType": 3,
                    "description": "String FED Electrolyte Alarm Enabled Bytes 106-107",
                    "address": "13605"
                },
                {
                    "dataValue": "",
                    "recordType": 3,
                    "description": "String FED Electrolyte Alarm Enabled Bytes 108-109",
                    "address": "13606"
                },
                {
                    "dataValue": "",
                    "recordType": 3,
                    "description": "String FED Electrolyte Alarm Enabled Bytes 110-111",
                    "address": "13607"
                },
                {
                    "dataValue": "",
                    "recordType": 3,
                    "description": "String FED Electrolyte Alarm Enabled Bytes 112-113",
                    "address": "13608"
                },
                {
                    "dataValue": "",
                    "recordType": 3,
                    "description": "String FED Electrolyte Alarm Enabled Bytes 114-115",
                    "address": "13609"
                },
                {
                    "dataValue": "",
                    "recordType": 3,
                    "description": "String FED Electrolyte Alarm Enabled Bytes 116-117",
                    "address": "13610"
                },
                {
                    "dataValue": "",
                    "recordType": 3,
                    "description": "String FED Electrolyte Alarm Enabled Bytes 118-119",
                    "address": "13611"
                },
                {
                    "dataValue": "",
                    "recordType": 3,
                    "description": "String FED Electrolyte Alarm Enabled Bytes 120-121",
                    "address": "13612"
                },
                {
                    "dataValue": "",
                    "recordType": 3,
                    "description": "String FED Electrolyte Alarm Enabled Bytes 122-123",
                    "address": "13613"
                },
                {
                    "dataValue": "",
                    "recordType": 3,
                    "description": "String FED Electrolyte Alarm Enabled Bytes 124-125",
                    "address": "13614"
                },
                {
                    "dataValue": "",
                    "recordType": 3,
                    "description": "String FED Electrolyte Alarm Enabled Bytes 126-127",
                    "address": "13615"
                },
                {
                    "dataValue": "",
                    "recordType": 3,
                    "description": "String FED Electrolyte Alarm Enabled Bytes 128-129",
                    "address": "13616"
                },
                {
                    "dataValue": "",
                    "recordType": 3,
                    "description": "String FED Electrolyte Alarm Enabled Bytes 130-131",
                    "address": "13617"
                },
                {
                    "dataValue": "",
                    "recordType": 3,
                    "description": "String FED Electrolyte Alarm Enabled Bytes 132-133",
                    "address": "13618"
                },
                {
                    "dataValue": "",
                    "recordType": 3,
                    "description": "String FED Electrolyte Alarm Enabled Bytes 134-135",
                    "address": "13619"
                },
                {
                    "dataValue": "",
                    "recordType": 3,
                    "description": "String FED Electrolyte Alarm Enabled Bytes 136-137",
                    "address": "13620"
                },
                {
                    "dataValue": "",
                    "recordType": 3,
                    "description": "String FED Electrolyte Alarm Enabled Bytes 138-139",
                    "address": "13621"
                },
                {
                    "dataValue": "",
                    "recordType": 3,
                    "description": "String FED Electrolyte Alarm Enabled Bytes 140-141",
                    "address": "13622"
                },
                {
                    "dataValue": "",
                    "recordType": 3,
                    "description": "String FED Electrolyte Alarm Enabled Bytes 142-143",
                    "address": "13623"
                },
                {
                    "dataValue": "",
                    "recordType": 3,
                    "description": "String FED Electrolyte Alarm Enabled Bytes 144-145",
                    "address": "13624"
                },
                {
                    "dataValue": "",
                    "recordType": 3,
                    "description": "String FED Electrolyte Alarm Enabled Bytes 146-147",
                    "address": "13625"
                },
                {
                    "dataValue": "",
                    "recordType": 3,
                    "description": "String FED Electrolyte Alarm Enabled Bytes 148-149",
                    "address": "13626"
                },
                {
                    "dataValue": "",
                    "recordType": 3,
                    "description": "String FED Electrolyte Alarm Enabled Bytes 150-151",
                    "address": "13627"
                },
                {
                    "dataValue": "",
                    "recordType": 3,
                    "description": "String FED Electrolyte Alarm Enabled Bytes 152-153",
                    "address": "13628"
                },
                {
                    "dataValue": "",
                    "recordType": 3,
                    "description": "String FED Electrolyte Alarm Enabled Bytes 154-155",
                    "address": "13629"
                },
                {
                    "dataValue": "",
                    "recordType": 3,
                    "description": "String FED Electrolyte Alarm Enabled Bytes 156-157",
                    "address": "13630"
                },
                {
                    "dataValue": "",
                    "recordType": 3,
                    "description": "String FED Electrolyte Alarm Enabled Bytes 158-159",
                    "address": "13631"
                },
                {
                    "dataValue": "",
                    "recordType": 3,
                    "description": "String FED Electrolyte Alarm Enabled Bytes 160-161",
                    "address": "13632"
                },
                {
                    "dataValue": "",
                    "recordType": 3,
                    "description": "String FED Electrolyte Alarm Enabled Bytes 162-163",
                    "address": "13633"
                },
                {
                    "dataValue": "",
                    "recordType": 3,
                    "description": "String FED Electrolyte Alarm Enabled Bytes 164-165",
                    "address": "13634"
                },
                {
                    "dataValue": "",
                    "recordType": 3,
                    "description": "String FED Electrolyte Alarm Enabled Bytes 166-167",
                    "address": "13635"
                },
                {
                    "dataValue": "",
                    "recordType": 3,
                    "description": "String FED Electrolyte Alarm Enabled Bytes 168-169",
                    "address": "13636"
                },
                {
                    "dataValue": "",
                    "recordType": 3,
                    "description": "String FED Electrolyte Alarm Enabled Bytes 170-171",
                    "address": "13637"
                },
                {
                    "dataValue": "",
                    "recordType": 3,
                    "description": "String FED Electrolyte Alarm Enabled Bytes 172-173",
                    "address": "13638"
                },
                {
                    "dataValue": "",
                    "recordType": 3,
                    "description": "String FED Electrolyte Alarm Enabled Bytes 174-175",
                    "address": "13639"
                },
                {
                    "dataValue": "",
                    "recordType": 3,
                    "description": "String FED Electrolyte Alarm Enabled Bytes 176-177",
                    "address": "13640"
                },
                {
                    "dataValue": "",
                    "recordType": 3,
                    "description": "String FED Electrolyte Alarm Enabled Bytes 178-179",
                    "address": "13641"
                },
                {
                    "dataValue": "",
                    "recordType": 3,
                    "description": "String FED Electrolyte Alarm Enabled Bytes 180-181",
                    "address": "13642"
                },
                {
                    "dataValue": "",
                    "recordType": 3,
                    "description": "String FED Electrolyte Alarm Enabled Bytes 182-183",
                    "address": "13643"
                },
                {
                    "dataValue": "",
                    "recordType": 3,
                    "description": "String FED Electrolyte Alarm Enabled Bytes 184-185",
                    "address": "13644"
                },
                {
                    "dataValue": "",
                    "recordType": 3,
                    "description": "String FED Electrolyte Alarm Enabled Bytes 186-187",
                    "address": "13645"
                },
                {
                    "dataValue": "",
                    "recordType": 3,
                    "description": "String FED Electrolyte Alarm Enabled Bytes 188-189",
                    "address": "13646"
                },
                {
                    "dataValue": "",
                    "recordType": 3,
                    "description": "String FED Electrolyte Alarm Enabled Bytes 190-191",
                    "address": "13647"
                },
                {
                    "dataValue": "",
                    "recordType": 3,
                    "description": "String FED Electrolyte Alarm Enabled Bytes 192-193",
                    "address": "13648"
                },
                {
                    "dataValue": "",
                    "recordType": 3,
                    "description": "String FED Electrolyte Alarm Enabled Bytes 194-195",
                    "address": "13649"
                },
                {
                    "dataValue": "",
                    "recordType": 3,
                    "description": "String FED Electrolyte Alarm Enabled Bytes 196-197",
                    "address": "13650"
                },
                {
                    "dataValue": "",
                    "recordType": 3,
                    "description": "String FED Electrolyte Alarm Enabled Bytes 198-199",
                    "address": "13651"
                }
            ]
        },
        {
            "name": "String FED Electrolyte Alarm Enabled 1",
            "type": 0,
            "records": [
                {
                    "dataValue": "",
                    "recordType": 3,
                    "description": "String FED Electrolyte Alarm Enabled Bytes 200-201",
                    "address": "13652"
                },
                {
                    "dataValue": "",
                    "recordType": 3,
                    "description": "String FED Electrolyte Alarm Enabled Bytes 202-203",
                    "address": "13653"
                },
                {
                    "dataValue": "",
                    "recordType": 3,
                    "description": "String FED Electrolyte Alarm Enabled Bytes 204-205",
                    "address": "13654"
                },
                {
                    "dataValue": "",
                    "recordType": 3,
                    "description": "String FED Electrolyte Alarm Enabled Bytes 206-207",
                    "address": "13655"
                },
                {
                    "dataValue": "",
                    "recordType": 3,
                    "description": "String FED Electrolyte Alarm Enabled Bytes 208-209",
                    "address": "13656"
                },
                {
                    "dataValue": "",
                    "recordType": 3,
                    "description": "String FED Electrolyte Alarm Enabled Bytes 210-211",
                    "address": "13657"
                },
                {
                    "dataValue": "",
                    "recordType": 3,
                    "description": "String FED Electrolyte Alarm Enabled Bytes 212-213",
                    "address": "13658"
                },
                {
                    "dataValue": "",
                    "recordType": 3,
                    "description": "String FED Electrolyte Alarm Enabled Bytes 214-215",
                    "address": "13659"
                },
                {
                    "dataValue": "",
                    "recordType": 3,
                    "description": "String FED Electrolyte Alarm Enabled Bytes 216-217",
                    "address": "13660"
                },
                {
                    "dataValue": "",
                    "recordType": 3,
                    "description": "String FED Electrolyte Alarm Enabled Bytes 218-219",
                    "address": "13661"
                },
                {
                    "dataValue": "",
                    "recordType": 3,
                    "description": "String FED Electrolyte Alarm Enabled Bytes 220-221",
                    "address": "13662"
                },
                {
                    "dataValue": "",
                    "recordType": 3,
                    "description": "String FED Electrolyte Alarm Enabled Bytes 222-223",
                    "address": "13663"
                },
                {
                    "dataValue": "",
                    "recordType": 3,
                    "description": "String FED Electrolyte Alarm Enabled Bytes 224-225",
                    "address": "13664"
                },
                {
                    "dataValue": "",
                    "recordType": 3,
                    "description": "String FED Electrolyte Alarm Enabled Bytes 226-227",
                    "address": "13665"
                },
                {
                    "dataValue": "",
                    "recordType": 3,
                    "description": "String FED Electrolyte Alarm Enabled Bytes 228-229",
                    "address": "13666"
                },
                {
                    "dataValue": "",
                    "recordType": 3,
                    "description": "String FED Electrolyte Alarm Enabled Bytes 230-231",
                    "address": "13667"
                },
                {
                    "dataValue": "",
                    "recordType": 3,
                    "description": "String FED Electrolyte Alarm Enabled Bytes 232-233",
                    "address": "13668"
                },
                {
                    "dataValue": "",
                    "recordType": 3,
                    "description": "String FED Electrolyte Alarm Enabled Bytes 234-235",
                    "address": "13669"
                },
                {
                    "dataValue": "",
                    "recordType": 3,
                    "description": "String FED Electrolyte Alarm Enabled Bytes 236-237",
                    "address": "13670"
                },
                {
                    "dataValue": "",
                    "recordType": 3,
                    "description": "String FED Electrolyte Alarm Enabled Bytes 238-239",
                    "address": "13671"
                },
                {
                    "dataValue": "",
                    "recordType": 3,
                    "description": "String FED Electrolyte Alarm Enabled Bytes 240-241",
                    "address": "13672"
                },
                {
                    "dataValue": "",
                    "recordType": 3,
                    "description": "String FED Electrolyte Alarm Enabled Bytes 242-243",
                    "address": "13673"
                },
                {
                    "dataValue": "",
                    "recordType": 3,
                    "description": "String FED Electrolyte Alarm Enabled Bytes 244-245",
                    "address": "13674"
                },
                {
                    "dataValue": "",
                    "recordType": 3,
                    "description": "String FED Electrolyte Alarm Enabled Bytes 246-247",
                    "address": "13675"
                },
                {
                    "dataValue": "",
                    "recordType": 3,
                    "description": "String FED Electrolyte Alarm Enabled Bytes 248-249",
                    "address": "13676"
                },
                {
                    "dataValue": "",
                    "recordType": 3,
                    "description": "String FED Electrolyte Alarm Enabled Bytes 250-251",
                    "address": "13677"
                },
                {
                    "dataValue": "",
                    "recordType": 3,
                    "description": "String FED Electrolyte Alarm Enabled Bytes 252-253",
                    "address": "13678"
                },
                {
                    "dataValue": "",
                    "recordType": 3,
                    "description": "String FED Electrolyte Alarm Enabled Bytes 254-255",
                    "address": "13679"
                },
                {
                    "dataValue": "",
                    "recordType": 3,
                    "description": "String FED Electrolyte Alarm Enabled Bytes 256-257",
                    "address": "13680"
                },
                {
                    "dataValue": "",
                    "recordType": 3,
                    "description": "String FED Electrolyte Alarm Enabled Bytes 258-259",
                    "address": "13681"
                },
                {
                    "dataValue": "",
                    "recordType": 3,
                    "description": "String FED Electrolyte Alarm Enabled Bytes 260-261",
                    "address": "13682"
                },
                {
                    "dataValue": "",
                    "recordType": 3,
                    "description": "String FED Electrolyte Alarm Enabled Bytes 262-263",
                    "address": "13683"
                },
                {
                    "dataValue": "",
                    "recordType": 3,
                    "description": "String FED Electrolyte Alarm Enabled Bytes 264-265",
                    "address": "13684"
                },
                {
                    "dataValue": "",
                    "recordType": 3,
                    "description": "String FED Electrolyte Alarm Enabled Bytes 266-267",
                    "address": "13685"
                },
                {
                    "dataValue": "",
                    "recordType": 3,
                    "description": "String FED Electrolyte Alarm Enabled Bytes 268-269",
                    "address": "13686"
                },
                {
                    "dataValue": "",
                    "recordType": 3,
                    "description": "String FED Electrolyte Alarm Enabled Bytes 270-271",
                    "address": "13687"
                },
                {
                    "dataValue": "",
                    "recordType": 3,
                    "description": "String FED Electrolyte Alarm Enabled Bytes 272-273",
                    "address": "13688"
                },
                {
                    "dataValue": "",
                    "recordType": 3,
                    "description": "String FED Electrolyte Alarm Enabled Bytes 274-275",
                    "address": "13689"
                },
                {
                    "dataValue": "",
                    "recordType": 3,
                    "description": "String FED Electrolyte Alarm Enabled Bytes 276-277",
                    "address": "13690"
                },
                {
                    "dataValue": "",
                    "recordType": 3,
                    "description": "String FED Electrolyte Alarm Enabled Bytes 278-279",
                    "address": "13691"
                },
                {
                    "dataValue": "",
                    "recordType": 3,
                    "description": "String FED Electrolyte Alarm Enabled Bytes 280-281",
                    "address": "13692"
                },
                {
                    "dataValue": "",
                    "recordType": 3,
                    "description": "String FED Electrolyte Alarm Enabled Bytes 282-283",
                    "address": "13693"
                },
                {
                    "dataValue": "",
                    "recordType": 3,
                    "description": "String FED Electrolyte Alarm Enabled Bytes 284-285",
                    "address": "13694"
                },
                {
                    "dataValue": "",
                    "recordType": 3,
                    "description": "String FED Electrolyte Alarm Enabled Bytes 286-287",
                    "address": "13695"
                },
                {
                    "dataValue": "",
                    "recordType": 3,
                    "description": "String FED Electrolyte Alarm Enabled Bytes 288-289",
                    "address": "13696"
                },
                {
                    "dataValue": "",
                    "recordType": 3,
                    "description": "String FED Electrolyte Alarm Enabled Bytes 290-291",
                    "address": "13697"
                },
                {
                    "dataValue": "",
                    "recordType": 3,
                    "description": "String FED Electrolyte Alarm Enabled Bytes 292-293",
                    "address": "13698"
                },
                {
                    "dataValue": "",
                    "recordType": 3,
                    "description": "String FED Electrolyte Alarm Enabled Bytes 294-295",
                    "address": "13699"
                },
                {
                    "dataValue": "",
                    "recordType": 3,
                    "description": "String FED Electrolyte Alarm Enabled Bytes 296-297",
                    "address": "13700"
                },
                {
                    "dataValue": "",
                    "recordType": 3,
                    "description": "String FED Electrolyte Alarm Enabled Bytes 298-299",
                    "address": "13701"
                },
                {
                    "dataValue": "",
                    "recordType": 3,
                    "description": "String FED Electrolyte Alarm Enabled Bytes 300-301",
                    "address": "13702"
                },
                {
                    "dataValue": "",
                    "recordType": 3,
                    "description": "String FED Electrolyte Alarm Enabled Bytes 302-303",
                    "address": "13703"
                },
                {
                    "dataValue": "",
                    "recordType": 3,
                    "description": "String FED Electrolyte Alarm Enabled Bytes 304-305",
                    "address": "13704"
                },
                {
                    "dataValue": "",
                    "recordType": 3,
                    "description": "String FED Electrolyte Alarm Enabled Bytes 306-307",
                    "address": "13705"
                },
                {
                    "dataValue": "",
                    "recordType": 3,
                    "description": "String FED Electrolyte Alarm Enabled Bytes 308-309",
                    "address": "13706"
                },
                {
                    "dataValue": "",
                    "recordType": 3,
                    "description": "String FED Electrolyte Alarm Enabled Bytes 310-311",
                    "address": "13707"
                },
                {
                    "dataValue": "",
                    "recordType": 3,
                    "description": "String FED Electrolyte Alarm Enabled Bytes 312-313",
                    "address": "13708"
                },
                {
                    "dataValue": "",
                    "recordType": 3,
                    "description": "String FED Electrolyte Alarm Enabled Bytes 314-315",
                    "address": "13709"
                },
                {
                    "dataValue": "",
                    "recordType": 3,
                    "description": "String FED Electrolyte Alarm Enabled Bytes 316-317",
                    "address": "13710"
                },
                {
                    "dataValue": "",
                    "recordType": 3,
                    "description": "String FED Electrolyte Alarm Enabled Bytes 318-319",
                    "address": "13711"
                },
                {
                    "dataValue": "",
                    "recordType": 3,
                    "description": "String FED Electrolyte Alarm Enabled Bytes 320-321",
                    "address": "13712"
                },
                {
                    "dataValue": "",
                    "recordType": 3,
                    "description": "String FED Electrolyte Alarm Enabled Bytes 322-323",
                    "address": "13713"
                },
                {
                    "dataValue": "",
                    "recordType": 3,
                    "description": "String FED Electrolyte Alarm Enabled Bytes 324-325",
                    "address": "13714"
                },
                {
                    "dataValue": "",
                    "recordType": 3,
                    "description": "String FED Electrolyte Alarm Enabled Bytes 326-327",
                    "address": "13715"
                },
                {
                    "dataValue": "",
                    "recordType": 3,
                    "description": "String FED Electrolyte Alarm Enabled Bytes 328-329",
                    "address": "13716"
                },
                {
                    "dataValue": "",
                    "recordType": 3,
                    "description": "String FED Electrolyte Alarm Enabled Bytes 330-331",
                    "address": "13717"
                },
                {
                    "dataValue": "",
                    "recordType": 3,
                    "description": "String FED Electrolyte Alarm Enabled Bytes 332-333",
                    "address": "13718"
                },
                {
                    "dataValue": "",
                    "recordType": 3,
                    "description": "String FED Electrolyte Alarm Enabled Bytes 334-335",
                    "address": "13719"
                },
                {
                    "dataValue": "",
                    "recordType": 3,
                    "description": "String FED Electrolyte Alarm Enabled Bytes 336-337",
                    "address": "13720"
                },
                {
                    "dataValue": "",
                    "recordType": 3,
                    "description": "String FED Electrolyte Alarm Enabled Bytes 338-339",
                    "address": "13721"
                },
                {
                    "dataValue": "",
                    "recordType": 3,
                    "description": "String FED Electrolyte Alarm Enabled Bytes 340-341",
                    "address": "13722"
                },
                {
                    "dataValue": "",
                    "recordType": 3,
                    "description": "String FED Electrolyte Alarm Enabled Bytes 342-343",
                    "address": "13723"
                },
                {
                    "dataValue": "",
                    "recordType": 3,
                    "description": "String FED Electrolyte Alarm Enabled Bytes 344-345",
                    "address": "13724"
                },
                {
                    "dataValue": "",
                    "recordType": 3,
                    "description": "String FED Electrolyte Alarm Enabled Bytes 346-347",
                    "address": "13725"
                },
                {
                    "dataValue": "",
                    "recordType": 3,
                    "description": "String FED Electrolyte Alarm Enabled Bytes 348-349",
                    "address": "13726"
                },
                {
                    "dataValue": "",
                    "recordType": 3,
                    "description": "String FED Electrolyte Alarm Enabled Bytes 350-351",
                    "address": "13727"
                },
                {
                    "dataValue": "",
                    "recordType": 3,
                    "description": "String FED Electrolyte Alarm Enabled Bytes 352-353",
                    "address": "13728"
                },
                {
                    "dataValue": "",
                    "recordType": 3,
                    "description": "String FED Electrolyte Alarm Enabled Bytes 354-355",
                    "address": "13729"
                },
                {
                    "dataValue": "",
                    "recordType": 3,
                    "description": "String FED Electrolyte Alarm Enabled Bytes 356-357",
                    "address": "13730"
                },
                {
                    "dataValue": "",
                    "recordType": 3,
                    "description": "String FED Electrolyte Alarm Enabled Bytes 358-359",
                    "address": "13731"
                },
                {
                    "dataValue": "",
                    "recordType": 3,
                    "description": "String FED Electrolyte Alarm Enabled Bytes 360-361",
                    "address": "13732"
                },
                {
                    "dataValue": "",
                    "recordType": 3,
                    "description": "String FED Electrolyte Alarm Enabled Bytes 362-363",
                    "address": "13733"
                },
                {
                    "dataValue": "",
                    "recordType": 3,
                    "description": "String FED Electrolyte Alarm Enabled Bytes 364-365",
                    "address": "13734"
                },
                {
                    "dataValue": "",
                    "recordType": 3,
                    "description": "String FED Electrolyte Alarm Enabled Bytes 366-367",
                    "address": "13735"
                },
                {
                    "dataValue": "",
                    "recordType": 3,
                    "description": "String FED Electrolyte Alarm Enabled Bytes 368-369",
                    "address": "13736"
                },
                {
                    "dataValue": "",
                    "recordType": 3,
                    "description": "String FED Electrolyte Alarm Enabled Bytes 370-371",
                    "address": "13737"
                },
                {
                    "dataValue": "",
                    "recordType": 3,
                    "description": "String FED Electrolyte Alarm Enabled Bytes 372-373",
                    "address": "13738"
                },
                {
                    "dataValue": "",
                    "recordType": 3,
                    "description": "String FED Electrolyte Alarm Enabled Bytes 374-375",
                    "address": "13739"
                },
                {
                    "dataValue": "",
                    "recordType": 3,
                    "description": "String FED Electrolyte Alarm Enabled Bytes 376-377",
                    "address": "13740"
                },
                {
                    "dataValue": "",
                    "recordType": 3,
                    "description": "String FED Electrolyte Alarm Enabled Bytes 378-379",
                    "address": "13741"
                },
                {
                    "dataValue": "",
                    "recordType": 3,
                    "description": "String FED Electrolyte Alarm Enabled Bytes 380-381",
                    "address": "13742"
                },
                {
                    "dataValue": "",
                    "recordType": 3,
                    "description": "String FED Electrolyte Alarm Enabled Bytes 382-383",
                    "address": "13743"
                },
                {
                    "dataValue": "",
                    "recordType": 3,
                    "description": "String FED Electrolyte Alarm Enabled Bytes 384-385",
                    "address": "13744"
                },
                {
                    "dataValue": "",
                    "recordType": 3,
                    "description": "String FED Electrolyte Alarm Enabled Bytes 386-387",
                    "address": "13745"
                },
                {
                    "dataValue": "",
                    "recordType": 3,
                    "description": "String FED Electrolyte Alarm Enabled Bytes 388-389",
                    "address": "13746"
                },
                {
                    "dataValue": "",
                    "recordType": 3,
                    "description": "String FED Electrolyte Alarm Enabled Bytes 390-391",
                    "address": "13747"
                },
                {
                    "dataValue": "",
                    "recordType": 3,
                    "description": "String FED Electrolyte Alarm Enabled Bytes 392-393",
                    "address": "13748"
                },
                {
                    "dataValue": "",
                    "recordType": 3,
                    "description": "String FED Electrolyte Alarm Enabled Bytes 394-395",
                    "address": "13749"
                },
                {
                    "dataValue": "",
                    "recordType": 3,
                    "description": "String FED Electrolyte Alarm Enabled Bytes 396-397",
                    "address": "13750"
                },
                {
                    "dataValue": "",
                    "recordType": 3,
                    "description": "String FED Electrolyte Alarm Enabled Bytes 398-399",
                    "address": "13751"
                }
            ]
        },
        {
            "name": "String FED Electrolyte Alarm Enabled 2",
            "type": 0,
            "records": [
                {
                    "dataValue": "",
                    "recordType": 3,
                    "description": "String FED Electrolyte Alarm Enabled Bytes 400-401",
                    "address": "13752"
                },
                {
                    "dataValue": "",
                    "recordType": 3,
                    "description": "String FED Electrolyte Alarm Enabled Bytes 402-403",
                    "address": "13753"
                },
                {
                    "dataValue": "",
                    "recordType": 3,
                    "description": "String FED Electrolyte Alarm Enabled Bytes 404-405",
                    "address": "13754"
                },
                {
                    "dataValue": "",
                    "recordType": 3,
                    "description": "String FED Electrolyte Alarm Enabled Bytes 406-407",
                    "address": "13755"
                },
                {
                    "dataValue": "",
                    "recordType": 3,
                    "description": "String FED Electrolyte Alarm Enabled Bytes 408-409",
                    "address": "13756"
                },
                {
                    "dataValue": "",
                    "recordType": 3,
                    "description": "String FED Electrolyte Alarm Enabled Bytes 410-411",
                    "address": "13757"
                },
                {
                    "dataValue": "",
                    "recordType": 3,
                    "description": "String FED Electrolyte Alarm Enabled Bytes 412-413",
                    "address": "13758"
                },
                {
                    "dataValue": "",
                    "recordType": 3,
                    "description": "String FED Electrolyte Alarm Enabled Bytes 414-415",
                    "address": "13759"
                },
                {
                    "dataValue": "",
                    "recordType": 3,
                    "description": "String FED Electrolyte Alarm Enabled Bytes 416-417",
                    "address": "13760"
                },
                {
                    "dataValue": "",
                    "recordType": 3,
                    "description": "String FED Electrolyte Alarm Enabled Bytes 418-419",
                    "address": "13761"
                },
                {
                    "dataValue": "",
                    "recordType": 3,
                    "description": "String FED Electrolyte Alarm Enabled Bytes 420-421",
                    "address": "13762"
                },
                {
                    "dataValue": "",
                    "recordType": 3,
                    "description": "String FED Electrolyte Alarm Enabled Bytes 422-423",
                    "address": "13763"
                },
                {
                    "dataValue": "",
                    "recordType": 3,
                    "description": "String FED Electrolyte Alarm Enabled Bytes 424-425",
                    "address": "13764"
                },
                {
                    "dataValue": "",
                    "recordType": 3,
                    "description": "String FED Electrolyte Alarm Enabled Bytes 426-427",
                    "address": "13765"
                },
                {
                    "dataValue": "",
                    "recordType": 3,
                    "description": "String FED Electrolyte Alarm Enabled Bytes 428-429",
                    "address": "13766"
                },
                {
                    "dataValue": "",
                    "recordType": 3,
                    "description": "String FED Electrolyte Alarm Enabled Bytes 430-431",
                    "address": "13767"
                },
                {
                    "dataValue": "",
                    "recordType": 3,
                    "description": "String FED Electrolyte Alarm Enabled Bytes 432-433",
                    "address": "13768"
                },
                {
                    "dataValue": "",
                    "recordType": 3,
                    "description": "String FED Electrolyte Alarm Enabled Bytes 434-435",
                    "address": "13769"
                },
                {
                    "dataValue": "",
                    "recordType": 3,
                    "description": "String FED Electrolyte Alarm Enabled Bytes 436-437",
                    "address": "13770"
                },
                {
                    "dataValue": "",
                    "recordType": 3,
                    "description": "String FED Electrolyte Alarm Enabled Bytes 438-439",
                    "address": "13771"
                },
                {
                    "dataValue": "",
                    "recordType": 3,
                    "description": "String FED Electrolyte Alarm Enabled Bytes 440-441",
                    "address": "13772"
                },
                {
                    "dataValue": "",
                    "recordType": 3,
                    "description": "String FED Electrolyte Alarm Enabled Bytes 442-443",
                    "address": "13773"
                },
                {
                    "dataValue": "",
                    "recordType": 3,
                    "description": "String FED Electrolyte Alarm Enabled Bytes 444-445",
                    "address": "13774"
                },
                {
                    "dataValue": "",
                    "recordType": 3,
                    "description": "String FED Electrolyte Alarm Enabled Bytes 446-447",
                    "address": "13775"
                },
                {
                    "dataValue": "",
                    "recordType": 3,
                    "description": "String FED Electrolyte Alarm Enabled Bytes 448-449",
                    "address": "13776"
                },
                {
                    "dataValue": "",
                    "recordType": 3,
                    "description": "String FED Electrolyte Alarm Enabled Bytes 450-451",
                    "address": "13777"
                },
                {
                    "dataValue": "",
                    "recordType": 3,
                    "description": "String FED Electrolyte Alarm Enabled Bytes 452-453",
                    "address": "13778"
                },
                {
                    "dataValue": "",
                    "recordType": 3,
                    "description": "String FED Electrolyte Alarm Enabled Bytes 454-455",
                    "address": "13779"
                },
                {
                    "dataValue": "",
                    "recordType": 3,
                    "description": "String FED Electrolyte Alarm Enabled Bytes 456-457",
                    "address": "13780"
                },
                {
                    "dataValue": "",
                    "recordType": 3,
                    "description": "String FED Electrolyte Alarm Enabled Bytes 458-459",
                    "address": "13781"
                },
                {
                    "dataValue": "",
                    "recordType": 3,
                    "description": "String FED Electrolyte Alarm Enabled Bytes 460-461",
                    "address": "13782"
                },
                {
                    "dataValue": "",
                    "recordType": 3,
                    "description": "String FED Electrolyte Alarm Enabled Bytes 462-463",
                    "address": "13783"
                },
                {
                    "dataValue": "",
                    "recordType": 3,
                    "description": "String FED Electrolyte Alarm Enabled Bytes 464-465",
                    "address": "13784"
                },
                {
                    "dataValue": "",
                    "recordType": 3,
                    "description": "String FED Electrolyte Alarm Enabled Bytes 466-467",
                    "address": "13785"
                },
                {
                    "dataValue": "",
                    "recordType": 3,
                    "description": "String FED Electrolyte Alarm Enabled Bytes 468-469",
                    "address": "13786"
                },
                {
                    "dataValue": "",
                    "recordType": 3,
                    "description": "String FED Electrolyte Alarm Enabled Bytes 470-471",
                    "address": "13787"
                },
                {
                    "dataValue": "",
                    "recordType": 3,
                    "description": "String FED Electrolyte Alarm Enabled Bytes 472-473",
                    "address": "13788"
                },
                {
                    "dataValue": "",
                    "recordType": 3,
                    "description": "String FED Electrolyte Alarm Enabled Bytes 474-475",
                    "address": "13789"
                },
                {
                    "dataValue": "",
                    "recordType": 3,
                    "description": "String FED Electrolyte Alarm Enabled Bytes 476-477",
                    "address": "13790"
                },
                {
                    "dataValue": "",
                    "recordType": 3,
                    "description": "String FED Electrolyte Alarm Enabled Bytes 478-479",
                    "address": "13791"
                },
                {
                    "dataValue": "",
                    "recordType": 3,
                    "description": "String FED Electrolyte Alarm Enabled Bytes 480-481",
                    "address": "13792"
                },
                {
                    "dataValue": "",
                    "recordType": 3,
                    "description": "String FED Electrolyte Alarm Enabled Bytes 482-483",
                    "address": "13793"
                },
                {
                    "dataValue": "",
                    "recordType": 3,
                    "description": "String FED Electrolyte Alarm Enabled Bytes 484-485",
                    "address": "13794"
                },
                {
                    "dataValue": "",
                    "recordType": 3,
                    "description": "String FED Electrolyte Alarm Enabled Bytes 486-487",
                    "address": "13795"
                },
                {
                    "dataValue": "",
                    "recordType": 3,
                    "description": "String FED Electrolyte Alarm Enabled Bytes 488-489",
                    "address": "13796"
                },
                {
                    "dataValue": "",
                    "recordType": 3,
                    "description": "String FED Electrolyte Alarm Enabled Bytes 490-491",
                    "address": "13797"
                },
                {
                    "dataValue": "",
                    "recordType": 3,
                    "description": "String FED Electrolyte Alarm Enabled Bytes 492-493",
                    "address": "13798"
                },
                {
                    "dataValue": "",
                    "recordType": 3,
                    "description": "String FED Electrolyte Alarm Enabled Bytes 494-495",
                    "address": "13799"
                },
                {
                    "dataValue": "",
                    "recordType": 3,
                    "description": "String FED Electrolyte Alarm Enabled Bytes 496-497",
                    "address": "13800"
                },
                {
                    "dataValue": "",
                    "recordType": 3,
                    "description": "String FED Electrolyte Alarm Enabled Bytes 498-499",
                    "address": "13801"
                },
                {
                    "dataValue": "",
                    "recordType": 3,
                    "description": "String FED Electrolyte Alarm Enabled Bytes 500-501",
                    "address": "13802"
                },
                {
                    "dataValue": "",
                    "recordType": 3,
                    "description": "String FED Electrolyte Alarm Enabled Bytes 502-503",
                    "address": "13803"
                },
                {
                    "dataValue": "",
                    "recordType": 3,
                    "description": "String FED Electrolyte Alarm Enabled Bytes 504-505",
                    "address": "13804"
                },
                {
                    "dataValue": "",
                    "recordType": 3,
                    "description": "String FED Electrolyte Alarm Enabled Bytes 506-507",
                    "address": "13805"
                },
                {
                    "dataValue": "",
                    "recordType": 3,
                    "description": "String FED Electrolyte Alarm Enabled Bytes 508-509",
                    "address": "13806"
                },
                {
                    "dataValue": "",
                    "recordType": 3,
                    "description": "String FED Electrolyte Alarm Enabled Bytes 510-511",
                    "address": "13807"
                }
            ]
        }
    ]
}