{
    "sequences": [
        {
            "type": 0,
            "name": "String Ohmic Value Hysteresis 0",
            "records": [
                {
                    "recordType": 3,
                    "address": "47153",
                    "description": "String Ohmic Value Hysteresis Bytes 000-001",
                    "dataValue": ""
                },
                {
                    "recordType": 3,
                    "address": "47154",
                    "description": "String Ohmic Value Hysteresis Bytes 002-003",
                    "dataValue": ""
                },
                {
                    "recordType": 3,
                    "address": "47155",
                    "description": "String Ohmic Value Hysteresis Bytes 004-005",
                    "dataValue": ""
                },
                {
                    "recordType": 3,
                    "address": "47156",
                    "description": "String Ohmic Value Hysteresis Bytes 006-007",
                    "dataValue": ""
                },
                {
                    "recordType": 3,
                    "address": "47157",
                    "description": "String Ohmic Value Hysteresis Bytes 008-009",
                    "dataValue": ""
                },
                {
                    "recordType": 3,
                    "address": "47158",
                    "description": "String Ohmic Value Hysteresis Bytes 010-011",
                    "dataValue": ""
                },
                {
                    "recordType": 3,
                    "address": "47159",
                    "description": "String Ohmic Value Hysteresis Bytes 012-013",
                    "dataValue": ""
                },
                {
                    "recordType": 3,
                    "address": "47160",
                    "description": "String Ohmic Value Hysteresis Bytes 014-015",
                    "dataValue": ""
                },
                {
                    "recordType": 3,
                    "address": "47161",
                    "description": "String Ohmic Value Hysteresis Bytes 016-017",
                    "dataValue": ""
                },
                {
                    "recordType": 3,
                    "address": "47162",
                    "description": "String Ohmic Value Hysteresis Bytes 018-019",
                    "dataValue": ""
                },
                {
                    "recordType": 3,
                    "address": "47163",
                    "description": "String Ohmic Value Hysteresis Bytes 020-021",
                    "dataValue": ""
                },
                {
                    "recordType": 3,
                    "address": "47164",
                    "description": "String Ohmic Value Hysteresis Bytes 022-023",
                    "dataValue": ""
                },
                {
                    "recordType": 3,
                    "address": "47165",
                    "description": "String Ohmic Value Hysteresis Bytes 024-025",
                    "dataValue": ""
                },
                {
                    "recordType": 3,
                    "address": "47166",
                    "description": "String Ohmic Value Hysteresis Bytes 026-027",
                    "dataValue": ""
                },
                {
                    "recordType": 3,
                    "address": "47167",
                    "description": "String Ohmic Value Hysteresis Bytes 028-029",
                    "dataValue": ""
                },
                {
                    "recordType": 3,
                    "address": "47168",
                    "description": "String Ohmic Value Hysteresis Bytes 030-031",
                    "dataValue": ""
                },
                {
                    "recordType": 3,
                    "address": "47169",
                    "description": "String Ohmic Value Hysteresis Bytes 032-033",
                    "dataValue": ""
                },
                {
                    "recordType": 3,
                    "address": "47170",
                    "description": "String Ohmic Value Hysteresis Bytes 034-035",
                    "dataValue": ""
                },
                {
                    "recordType": 3,
                    "address": "47171",
                    "description": "String Ohmic Value Hysteresis Bytes 036-037",
                    "dataValue": ""
                },
                {
                    "recordType": 3,
                    "address": "47172",
                    "description": "String Ohmic Value Hysteresis Bytes 038-039",
                    "dataValue": ""
                },
                {
                    "recordType": 3,
                    "address": "47173",
                    "description": "String Ohmic Value Hysteresis Bytes 040-041",
                    "dataValue": ""
                },
                {
                    "recordType": 3,
                    "address": "47174",
                    "description": "String Ohmic Value Hysteresis Bytes 042-043",
                    "dataValue": ""
                },
                {
                    "recordType": 3,
                    "address": "47175",
                    "description": "String Ohmic Value Hysteresis Bytes 044-045",
                    "dataValue": ""
                },
                {
                    "recordType": 3,
                    "address": "47176",
                    "description": "String Ohmic Value Hysteresis Bytes 046-047",
                    "dataValue": ""
                },
                {
                    "recordType": 3,
                    "address": "47177",
                    "description": "String Ohmic Value Hysteresis Bytes 048-049",
                    "dataValue": ""
                },
                {
                    "recordType": 3,
                    "address": "47178",
                    "description": "String Ohmic Value Hysteresis Bytes 050-051",
                    "dataValue": ""
                },
                {
                    "recordType": 3,
                    "address": "47179",
                    "description": "String Ohmic Value Hysteresis Bytes 052-053",
                    "dataValue": ""
                },
                {
                    "recordType": 3,
                    "address": "47180",
                    "description": "String Ohmic Value Hysteresis Bytes 054-055",
                    "dataValue": ""
                },
                {
                    "recordType": 3,
                    "address": "47181",
                    "description": "String Ohmic Value Hysteresis Bytes 056-057",
                    "dataValue": ""
                },
                {
                    "recordType": 3,
                    "address": "47182",
                    "description": "String Ohmic Value Hysteresis Bytes 058-059",
                    "dataValue": ""
                },
                {
                    "recordType": 3,
                    "address": "47183",
                    "description": "String Ohmic Value Hysteresis Bytes 060-061",
                    "dataValue": ""
                },
                {
                    "recordType": 3,
                    "address": "47184",
                    "description": "String Ohmic Value Hysteresis Bytes 062-063",
                    "dataValue": ""
                },
                {
                    "recordType": 3,
                    "address": "47185",
                    "description": "String Ohmic Value Hysteresis Bytes 064-065",
                    "dataValue": ""
                },
                {
                    "recordType": 3,
                    "address": "47186",
                    "description": "String Ohmic Value Hysteresis Bytes 066-067",
                    "dataValue": ""
                },
                {
                    "recordType": 3,
                    "address": "47187",
                    "description": "String Ohmic Value Hysteresis Bytes 068-069",
                    "dataValue": ""
                },
                {
                    "recordType": 3,
                    "address": "47188",
                    "description": "String Ohmic Value Hysteresis Bytes 070-071",
                    "dataValue": ""
                },
                {
                    "recordType": 3,
                    "address": "47189",
                    "description": "String Ohmic Value Hysteresis Bytes 072-073",
                    "dataValue": ""
                },
                {
                    "recordType": 3,
                    "address": "47190",
                    "description": "String Ohmic Value Hysteresis Bytes 074-075",
                    "dataValue": ""
                },
                {
                    "recordType": 3,
                    "address": "47191",
                    "description": "String Ohmic Value Hysteresis Bytes 076-077",
                    "dataValue": ""
                },
                {
                    "recordType": 3,
                    "address": "47192",
                    "description": "String Ohmic Value Hysteresis Bytes 078-079",
                    "dataValue": ""
                },
                {
                    "recordType": 3,
                    "address": "47193",
                    "description": "String Ohmic Value Hysteresis Bytes 080-081",
                    "dataValue": ""
                },
                {
                    "recordType": 3,
                    "address": "47194",
                    "description": "String Ohmic Value Hysteresis Bytes 082-083",
                    "dataValue": ""
                },
                {
                    "recordType": 3,
                    "address": "47195",
                    "description": "String Ohmic Value Hysteresis Bytes 084-085",
                    "dataValue": ""
                },
                {
                    "recordType": 3,
                    "address": "47196",
                    "description": "String Ohmic Value Hysteresis Bytes 086-087",
                    "dataValue": ""
                },
                {
                    "recordType": 3,
                    "address": "47197",
                    "description": "String Ohmic Value Hysteresis Bytes 088-089",
                    "dataValue": ""
                },
                {
                    "recordType": 3,
                    "address": "47198",
                    "description": "String Ohmic Value Hysteresis Bytes 090-091",
                    "dataValue": ""
                },
                {
                    "recordType": 3,
                    "address": "47199",
                    "description": "String Ohmic Value Hysteresis Bytes 092-093",
                    "dataValue": ""
                },
                {
                    "recordType": 3,
                    "address": "47200",
                    "description": "String Ohmic Value Hysteresis Bytes 094-095",
                    "dataValue": ""
                },
                {
                    "recordType": 3,
                    "address": "47201",
                    "description": "String Ohmic Value Hysteresis Bytes 096-097",
                    "dataValue": ""
                },
                {
                    "recordType": 3,
                    "address": "47202",
                    "description": "String Ohmic Value Hysteresis Bytes 098-099",
                    "dataValue": ""
                },
                {
                    "recordType": 3,
                    "address": "47203",
                    "description": "String Ohmic Value Hysteresis Bytes 100-101",
                    "dataValue": ""
                },
                {
                    "recordType": 3,
                    "address": "47204",
                    "description": "String Ohmic Value Hysteresis Bytes 102-103",
                    "dataValue": ""
                },
                {
                    "recordType": 3,
                    "address": "47205",
                    "description": "String Ohmic Value Hysteresis Bytes 104-105",
                    "dataValue": ""
                },
                {
                    "recordType": 3,
                    "address": "47206",
                    "description": "String Ohmic Value Hysteresis Bytes 106-107",
                    "dataValue": ""
                },
                {
                    "recordType": 3,
                    "address": "47207",
                    "description": "String Ohmic Value Hysteresis Bytes 108-109",
                    "dataValue": ""
                },
                {
                    "recordType": 3,
                    "address": "47208",
                    "description": "String Ohmic Value Hysteresis Bytes 110-111",
                    "dataValue": ""
                },
                {
                    "recordType": 3,
                    "address": "47209",
                    "description": "String Ohmic Value Hysteresis Bytes 112-113",
                    "dataValue": ""
                },
                {
                    "recordType": 3,
                    "address": "47210",
                    "description": "String Ohmic Value Hysteresis Bytes 114-115",
                    "dataValue": ""
                },
                {
                    "recordType": 3,
                    "address": "47211",
                    "description": "String Ohmic Value Hysteresis Bytes 116-117",
                    "dataValue": ""
                },
                {
                    "recordType": 3,
                    "address": "47212",
                    "description": "String Ohmic Value Hysteresis Bytes 118-119",
                    "dataValue": ""
                },
                {
                    "recordType": 3,
                    "address": "47213",
                    "description": "String Ohmic Value Hysteresis Bytes 120-121",
                    "dataValue": ""
                },
                {
                    "recordType": 3,
                    "address": "47214",
                    "description": "String Ohmic Value Hysteresis Bytes 122-123",
                    "dataValue": ""
                },
                {
                    "recordType": 3,
                    "address": "47215",
                    "description": "String Ohmic Value Hysteresis Bytes 124-125",
                    "dataValue": ""
                },
                {
                    "recordType": 3,
                    "address": "47216",
                    "description": "String Ohmic Value Hysteresis Bytes 126-127",
                    "dataValue": ""
                },
                {
                    "recordType": 3,
                    "address": "47217",
                    "description": "String Ohmic Value Hysteresis Bytes 128-129",
                    "dataValue": ""
                },
                {
                    "recordType": 3,
                    "address": "47218",
                    "description": "String Ohmic Value Hysteresis Bytes 130-131",
                    "dataValue": ""
                },
                {
                    "recordType": 3,
                    "address": "47219",
                    "description": "String Ohmic Value Hysteresis Bytes 132-133",
                    "dataValue": ""
                },
                {
                    "recordType": 3,
                    "address": "47220",
                    "description": "String Ohmic Value Hysteresis Bytes 134-135",
                    "dataValue": ""
                },
                {
                    "recordType": 3,
                    "address": "47221",
                    "description": "String Ohmic Value Hysteresis Bytes 136-137",
                    "dataValue": ""
                },
                {
                    "recordType": 3,
                    "address": "47222",
                    "description": "String Ohmic Value Hysteresis Bytes 138-139",
                    "dataValue": ""
                },
                {
                    "recordType": 3,
                    "address": "47223",
                    "description": "String Ohmic Value Hysteresis Bytes 140-141",
                    "dataValue": ""
                },
                {
                    "recordType": 3,
                    "address": "47224",
                    "description": "String Ohmic Value Hysteresis Bytes 142-143",
                    "dataValue": ""
                },
                {
                    "recordType": 3,
                    "address": "47225",
                    "description": "String Ohmic Value Hysteresis Bytes 144-145",
                    "dataValue": ""
                },
                {
                    "recordType": 3,
                    "address": "47226",
                    "description": "String Ohmic Value Hysteresis Bytes 146-147",
                    "dataValue": ""
                },
                {
                    "recordType": 3,
                    "address": "47227",
                    "description": "String Ohmic Value Hysteresis Bytes 148-149",
                    "dataValue": ""
                },
                {
                    "recordType": 3,
                    "address": "47228",
                    "description": "String Ohmic Value Hysteresis Bytes 150-151",
                    "dataValue": ""
                },
                {
                    "recordType": 3,
                    "address": "47229",
                    "description": "String Ohmic Value Hysteresis Bytes 152-153",
                    "dataValue": ""
                },
                {
                    "recordType": 3,
                    "address": "47230",
                    "description": "String Ohmic Value Hysteresis Bytes 154-155",
                    "dataValue": ""
                },
                {
                    "recordType": 3,
                    "address": "47231",
                    "description": "String Ohmic Value Hysteresis Bytes 156-157",
                    "dataValue": ""
                },
                {
                    "recordType": 3,
                    "address": "47232",
                    "description": "String Ohmic Value Hysteresis Bytes 158-159",
                    "dataValue": ""
                },
                {
                    "recordType": 3,
                    "address": "47233",
                    "description": "String Ohmic Value Hysteresis Bytes 160-161",
                    "dataValue": ""
                },
                {
                    "recordType": 3,
                    "address": "47234",
                    "description": "String Ohmic Value Hysteresis Bytes 162-163",
                    "dataValue": ""
                },
                {
                    "recordType": 3,
                    "address": "47235",
                    "description": "String Ohmic Value Hysteresis Bytes 164-165",
                    "dataValue": ""
                },
                {
                    "recordType": 3,
                    "address": "47236",
                    "description": "String Ohmic Value Hysteresis Bytes 166-167",
                    "dataValue": ""
                },
                {
                    "recordType": 3,
                    "address": "47237",
                    "description": "String Ohmic Value Hysteresis Bytes 168-169",
                    "dataValue": ""
                },
                {
                    "recordType": 3,
                    "address": "47238",
                    "description": "String Ohmic Value Hysteresis Bytes 170-171",
                    "dataValue": ""
                },
                {
                    "recordType": 3,
                    "address": "47239",
                    "description": "String Ohmic Value Hysteresis Bytes 172-173",
                    "dataValue": ""
                },
                {
                    "recordType": 3,
                    "address": "47240",
                    "description": "String Ohmic Value Hysteresis Bytes 174-175",
                    "dataValue": ""
                },
                {
                    "recordType": 3,
                    "address": "47241",
                    "description": "String Ohmic Value Hysteresis Bytes 176-177",
                    "dataValue": ""
                },
                {
                    "recordType": 3,
                    "address": "47242",
                    "description": "String Ohmic Value Hysteresis Bytes 178-179",
                    "dataValue": ""
                },
                {
                    "recordType": 3,
                    "address": "47243",
                    "description": "String Ohmic Value Hysteresis Bytes 180-181",
                    "dataValue": ""
                },
                {
                    "recordType": 3,
                    "address": "47244",
                    "description": "String Ohmic Value Hysteresis Bytes 182-183",
                    "dataValue": ""
                },
                {
                    "recordType": 3,
                    "address": "47245",
                    "description": "String Ohmic Value Hysteresis Bytes 184-185",
                    "dataValue": ""
                },
                {
                    "recordType": 3,
                    "address": "47246",
                    "description": "String Ohmic Value Hysteresis Bytes 186-187",
                    "dataValue": ""
                },
                {
                    "recordType": 3,
                    "address": "47247",
                    "description": "String Ohmic Value Hysteresis Bytes 188-189",
                    "dataValue": ""
                },
                {
                    "recordType": 3,
                    "address": "47248",
                    "description": "String Ohmic Value Hysteresis Bytes 190-191",
                    "dataValue": ""
                },
                {
                    "recordType": 3,
                    "address": "47249",
                    "description": "String Ohmic Value Hysteresis Bytes 192-193",
                    "dataValue": ""
                },
                {
                    "recordType": 3,
                    "address": "47250",
                    "description": "String Ohmic Value Hysteresis Bytes 194-195",
                    "dataValue": ""
                },
                {
                    "recordType": 3,
                    "address": "47251",
                    "description": "String Ohmic Value Hysteresis Bytes 196-197",
                    "dataValue": ""
                },
                {
                    "recordType": 3,
                    "address": "47252",
                    "description": "String Ohmic Value Hysteresis Bytes 198-199",
                    "dataValue": ""
                }
            ]
        },
        {
            "type": 0,
            "name": "String Ohmic Value Hysteresis 1",
            "records": [
                {
                    "recordType": 3,
                    "address": "47253",
                    "description": "String Ohmic Value Hysteresis Bytes 200-201",
                    "dataValue": ""
                },
                {
                    "recordType": 3,
                    "address": "47254",
                    "description": "String Ohmic Value Hysteresis Bytes 202-203",
                    "dataValue": ""
                },
                {
                    "recordType": 3,
                    "address": "47255",
                    "description": "String Ohmic Value Hysteresis Bytes 204-205",
                    "dataValue": ""
                },
                {
                    "recordType": 3,
                    "address": "47256",
                    "description": "String Ohmic Value Hysteresis Bytes 206-207",
                    "dataValue": ""
                },
                {
                    "recordType": 3,
                    "address": "47257",
                    "description": "String Ohmic Value Hysteresis Bytes 208-209",
                    "dataValue": ""
                },
                {
                    "recordType": 3,
                    "address": "47258",
                    "description": "String Ohmic Value Hysteresis Bytes 210-211",
                    "dataValue": ""
                },
                {
                    "recordType": 3,
                    "address": "47259",
                    "description": "String Ohmic Value Hysteresis Bytes 212-213",
                    "dataValue": ""
                },
                {
                    "recordType": 3,
                    "address": "47260",
                    "description": "String Ohmic Value Hysteresis Bytes 214-215",
                    "dataValue": ""
                },
                {
                    "recordType": 3,
                    "address": "47261",
                    "description": "String Ohmic Value Hysteresis Bytes 216-217",
                    "dataValue": ""
                },
                {
                    "recordType": 3,
                    "address": "47262",
                    "description": "String Ohmic Value Hysteresis Bytes 218-219",
                    "dataValue": ""
                },
                {
                    "recordType": 3,
                    "address": "47263",
                    "description": "String Ohmic Value Hysteresis Bytes 220-221",
                    "dataValue": ""
                },
                {
                    "recordType": 3,
                    "address": "47264",
                    "description": "String Ohmic Value Hysteresis Bytes 222-223",
                    "dataValue": ""
                },
                {
                    "recordType": 3,
                    "address": "47265",
                    "description": "String Ohmic Value Hysteresis Bytes 224-225",
                    "dataValue": ""
                },
                {
                    "recordType": 3,
                    "address": "47266",
                    "description": "String Ohmic Value Hysteresis Bytes 226-227",
                    "dataValue": ""
                },
                {
                    "recordType": 3,
                    "address": "47267",
                    "description": "String Ohmic Value Hysteresis Bytes 228-229",
                    "dataValue": ""
                },
                {
                    "recordType": 3,
                    "address": "47268",
                    "description": "String Ohmic Value Hysteresis Bytes 230-231",
                    "dataValue": ""
                },
                {
                    "recordType": 3,
                    "address": "47269",
                    "description": "String Ohmic Value Hysteresis Bytes 232-233",
                    "dataValue": ""
                },
                {
                    "recordType": 3,
                    "address": "47270",
                    "description": "String Ohmic Value Hysteresis Bytes 234-235",
                    "dataValue": ""
                },
                {
                    "recordType": 3,
                    "address": "47271",
                    "description": "String Ohmic Value Hysteresis Bytes 236-237",
                    "dataValue": ""
                },
                {
                    "recordType": 3,
                    "address": "47272",
                    "description": "String Ohmic Value Hysteresis Bytes 238-239",
                    "dataValue": ""
                },
                {
                    "recordType": 3,
                    "address": "47273",
                    "description": "String Ohmic Value Hysteresis Bytes 240-241",
                    "dataValue": ""
                },
                {
                    "recordType": 3,
                    "address": "47274",
                    "description": "String Ohmic Value Hysteresis Bytes 242-243",
                    "dataValue": ""
                },
                {
                    "recordType": 3,
                    "address": "47275",
                    "description": "String Ohmic Value Hysteresis Bytes 244-245",
                    "dataValue": ""
                },
                {
                    "recordType": 3,
                    "address": "47276",
                    "description": "String Ohmic Value Hysteresis Bytes 246-247",
                    "dataValue": ""
                },
                {
                    "recordType": 3,
                    "address": "47277",
                    "description": "String Ohmic Value Hysteresis Bytes 248-249",
                    "dataValue": ""
                },
                {
                    "recordType": 3,
                    "address": "47278",
                    "description": "String Ohmic Value Hysteresis Bytes 250-251",
                    "dataValue": ""
                },
                {
                    "recordType": 3,
                    "address": "47279",
                    "description": "String Ohmic Value Hysteresis Bytes 252-253",
                    "dataValue": ""
                },
                {
                    "recordType": 3,
                    "address": "47280",
                    "description": "String Ohmic Value Hysteresis Bytes 254-255",
                    "dataValue": ""
                },
                {
                    "recordType": 3,
                    "address": "47281",
                    "description": "String Ohmic Value Hysteresis Bytes 256-257",
                    "dataValue": ""
                },
                {
                    "recordType": 3,
                    "address": "47282",
                    "description": "String Ohmic Value Hysteresis Bytes 258-259",
                    "dataValue": ""
                },
                {
                    "recordType": 3,
                    "address": "47283",
                    "description": "String Ohmic Value Hysteresis Bytes 260-261",
                    "dataValue": ""
                },
                {
                    "recordType": 3,
                    "address": "47284",
                    "description": "String Ohmic Value Hysteresis Bytes 262-263",
                    "dataValue": ""
                },
                {
                    "recordType": 3,
                    "address": "47285",
                    "description": "String Ohmic Value Hysteresis Bytes 264-265",
                    "dataValue": ""
                },
                {
                    "recordType": 3,
                    "address": "47286",
                    "description": "String Ohmic Value Hysteresis Bytes 266-267",
                    "dataValue": ""
                },
                {
                    "recordType": 3,
                    "address": "47287",
                    "description": "String Ohmic Value Hysteresis Bytes 268-269",
                    "dataValue": ""
                },
                {
                    "recordType": 3,
                    "address": "47288",
                    "description": "String Ohmic Value Hysteresis Bytes 270-271",
                    "dataValue": ""
                },
                {
                    "recordType": 3,
                    "address": "47289",
                    "description": "String Ohmic Value Hysteresis Bytes 272-273",
                    "dataValue": ""
                },
                {
                    "recordType": 3,
                    "address": "47290",
                    "description": "String Ohmic Value Hysteresis Bytes 274-275",
                    "dataValue": ""
                },
                {
                    "recordType": 3,
                    "address": "47291",
                    "description": "String Ohmic Value Hysteresis Bytes 276-277",
                    "dataValue": ""
                },
                {
                    "recordType": 3,
                    "address": "47292",
                    "description": "String Ohmic Value Hysteresis Bytes 278-279",
                    "dataValue": ""
                },
                {
                    "recordType": 3,
                    "address": "47293",
                    "description": "String Ohmic Value Hysteresis Bytes 280-281",
                    "dataValue": ""
                },
                {
                    "recordType": 3,
                    "address": "47294",
                    "description": "String Ohmic Value Hysteresis Bytes 282-283",
                    "dataValue": ""
                },
                {
                    "recordType": 3,
                    "address": "47295",
                    "description": "String Ohmic Value Hysteresis Bytes 284-285",
                    "dataValue": ""
                },
                {
                    "recordType": 3,
                    "address": "47296",
                    "description": "String Ohmic Value Hysteresis Bytes 286-287",
                    "dataValue": ""
                },
                {
                    "recordType": 3,
                    "address": "47297",
                    "description": "String Ohmic Value Hysteresis Bytes 288-289",
                    "dataValue": ""
                },
                {
                    "recordType": 3,
                    "address": "47298",
                    "description": "String Ohmic Value Hysteresis Bytes 290-291",
                    "dataValue": ""
                },
                {
                    "recordType": 3,
                    "address": "47299",
                    "description": "String Ohmic Value Hysteresis Bytes 292-293",
                    "dataValue": ""
                },
                {
                    "recordType": 3,
                    "address": "47300",
                    "description": "String Ohmic Value Hysteresis Bytes 294-295",
                    "dataValue": ""
                },
                {
                    "recordType": 3,
                    "address": "47301",
                    "description": "String Ohmic Value Hysteresis Bytes 296-297",
                    "dataValue": ""
                },
                {
                    "recordType": 3,
                    "address": "47302",
                    "description": "String Ohmic Value Hysteresis Bytes 298-299",
                    "dataValue": ""
                },
                {
                    "recordType": 3,
                    "address": "47303",
                    "description": "String Ohmic Value Hysteresis Bytes 300-301",
                    "dataValue": ""
                },
                {
                    "recordType": 3,
                    "address": "47304",
                    "description": "String Ohmic Value Hysteresis Bytes 302-303",
                    "dataValue": ""
                },
                {
                    "recordType": 3,
                    "address": "47305",
                    "description": "String Ohmic Value Hysteresis Bytes 304-305",
                    "dataValue": ""
                },
                {
                    "recordType": 3,
                    "address": "47306",
                    "description": "String Ohmic Value Hysteresis Bytes 306-307",
                    "dataValue": ""
                },
                {
                    "recordType": 3,
                    "address": "47307",
                    "description": "String Ohmic Value Hysteresis Bytes 308-309",
                    "dataValue": ""
                },
                {
                    "recordType": 3,
                    "address": "47308",
                    "description": "String Ohmic Value Hysteresis Bytes 310-311",
                    "dataValue": ""
                },
                {
                    "recordType": 3,
                    "address": "47309",
                    "description": "String Ohmic Value Hysteresis Bytes 312-313",
                    "dataValue": ""
                },
                {
                    "recordType": 3,
                    "address": "47310",
                    "description": "String Ohmic Value Hysteresis Bytes 314-315",
                    "dataValue": ""
                },
                {
                    "recordType": 3,
                    "address": "47311",
                    "description": "String Ohmic Value Hysteresis Bytes 316-317",
                    "dataValue": ""
                },
                {
                    "recordType": 3,
                    "address": "47312",
                    "description": "String Ohmic Value Hysteresis Bytes 318-319",
                    "dataValue": ""
                },
                {
                    "recordType": 3,
                    "address": "47313",
                    "description": "String Ohmic Value Hysteresis Bytes 320-321",
                    "dataValue": ""
                },
                {
                    "recordType": 3,
                    "address": "47314",
                    "description": "String Ohmic Value Hysteresis Bytes 322-323",
                    "dataValue": ""
                },
                {
                    "recordType": 3,
                    "address": "47315",
                    "description": "String Ohmic Value Hysteresis Bytes 324-325",
                    "dataValue": ""
                },
                {
                    "recordType": 3,
                    "address": "47316",
                    "description": "String Ohmic Value Hysteresis Bytes 326-327",
                    "dataValue": ""
                },
                {
                    "recordType": 3,
                    "address": "47317",
                    "description": "String Ohmic Value Hysteresis Bytes 328-329",
                    "dataValue": ""
                },
                {
                    "recordType": 3,
                    "address": "47318",
                    "description": "String Ohmic Value Hysteresis Bytes 330-331",
                    "dataValue": ""
                },
                {
                    "recordType": 3,
                    "address": "47319",
                    "description": "String Ohmic Value Hysteresis Bytes 332-333",
                    "dataValue": ""
                },
                {
                    "recordType": 3,
                    "address": "47320",
                    "description": "String Ohmic Value Hysteresis Bytes 334-335",
                    "dataValue": ""
                },
                {
                    "recordType": 3,
                    "address": "47321",
                    "description": "String Ohmic Value Hysteresis Bytes 336-337",
                    "dataValue": ""
                },
                {
                    "recordType": 3,
                    "address": "47322",
                    "description": "String Ohmic Value Hysteresis Bytes 338-339",
                    "dataValue": ""
                },
                {
                    "recordType": 3,
                    "address": "47323",
                    "description": "String Ohmic Value Hysteresis Bytes 340-341",
                    "dataValue": ""
                },
                {
                    "recordType": 3,
                    "address": "47324",
                    "description": "String Ohmic Value Hysteresis Bytes 342-343",
                    "dataValue": ""
                },
                {
                    "recordType": 3,
                    "address": "47325",
                    "description": "String Ohmic Value Hysteresis Bytes 344-345",
                    "dataValue": ""
                },
                {
                    "recordType": 3,
                    "address": "47326",
                    "description": "String Ohmic Value Hysteresis Bytes 346-347",
                    "dataValue": ""
                },
                {
                    "recordType": 3,
                    "address": "47327",
                    "description": "String Ohmic Value Hysteresis Bytes 348-349",
                    "dataValue": ""
                },
                {
                    "recordType": 3,
                    "address": "47328",
                    "description": "String Ohmic Value Hysteresis Bytes 350-351",
                    "dataValue": ""
                },
                {
                    "recordType": 3,
                    "address": "47329",
                    "description": "String Ohmic Value Hysteresis Bytes 352-353",
                    "dataValue": ""
                },
                {
                    "recordType": 3,
                    "address": "47330",
                    "description": "String Ohmic Value Hysteresis Bytes 354-355",
                    "dataValue": ""
                },
                {
                    "recordType": 3,
                    "address": "47331",
                    "description": "String Ohmic Value Hysteresis Bytes 356-357",
                    "dataValue": ""
                },
                {
                    "recordType": 3,
                    "address": "47332",
                    "description": "String Ohmic Value Hysteresis Bytes 358-359",
                    "dataValue": ""
                },
                {
                    "recordType": 3,
                    "address": "47333",
                    "description": "String Ohmic Value Hysteresis Bytes 360-361",
                    "dataValue": ""
                },
                {
                    "recordType": 3,
                    "address": "47334",
                    "description": "String Ohmic Value Hysteresis Bytes 362-363",
                    "dataValue": ""
                },
                {
                    "recordType": 3,
                    "address": "47335",
                    "description": "String Ohmic Value Hysteresis Bytes 364-365",
                    "dataValue": ""
                },
                {
                    "recordType": 3,
                    "address": "47336",
                    "description": "String Ohmic Value Hysteresis Bytes 366-367",
                    "dataValue": ""
                },
                {
                    "recordType": 3,
                    "address": "47337",
                    "description": "String Ohmic Value Hysteresis Bytes 368-369",
                    "dataValue": ""
                },
                {
                    "recordType": 3,
                    "address": "47338",
                    "description": "String Ohmic Value Hysteresis Bytes 370-371",
                    "dataValue": ""
                },
                {
                    "recordType": 3,
                    "address": "47339",
                    "description": "String Ohmic Value Hysteresis Bytes 372-373",
                    "dataValue": ""
                },
                {
                    "recordType": 3,
                    "address": "47340",
                    "description": "String Ohmic Value Hysteresis Bytes 374-375",
                    "dataValue": ""
                },
                {
                    "recordType": 3,
                    "address": "47341",
                    "description": "String Ohmic Value Hysteresis Bytes 376-377",
                    "dataValue": ""
                },
                {
                    "recordType": 3,
                    "address": "47342",
                    "description": "String Ohmic Value Hysteresis Bytes 378-379",
                    "dataValue": ""
                },
                {
                    "recordType": 3,
                    "address": "47343",
                    "description": "String Ohmic Value Hysteresis Bytes 380-381",
                    "dataValue": ""
                },
                {
                    "recordType": 3,
                    "address": "47344",
                    "description": "String Ohmic Value Hysteresis Bytes 382-383",
                    "dataValue": ""
                },
                {
                    "recordType": 3,
                    "address": "47345",
                    "description": "String Ohmic Value Hysteresis Bytes 384-385",
                    "dataValue": ""
                },
                {
                    "recordType": 3,
                    "address": "47346",
                    "description": "String Ohmic Value Hysteresis Bytes 386-387",
                    "dataValue": ""
                },
                {
                    "recordType": 3,
                    "address": "47347",
                    "description": "String Ohmic Value Hysteresis Bytes 388-389",
                    "dataValue": ""
                },
                {
                    "recordType": 3,
                    "address": "47348",
                    "description": "String Ohmic Value Hysteresis Bytes 390-391",
                    "dataValue": ""
                },
                {
                    "recordType": 3,
                    "address": "47349",
                    "description": "String Ohmic Value Hysteresis Bytes 392-393",
                    "dataValue": ""
                },
                {
                    "recordType": 3,
                    "address": "47350",
                    "description": "String Ohmic Value Hysteresis Bytes 394-395",
                    "dataValue": ""
                },
                {
                    "recordType": 3,
                    "address": "47351",
                    "description": "String Ohmic Value Hysteresis Bytes 396-397",
                    "dataValue": ""
                },
                {
                    "recordType": 3,
                    "address": "47352",
                    "description": "String Ohmic Value Hysteresis Bytes 398-399",
                    "dataValue": ""
                }
            ]
        },
        {
            "type": 0,
            "name": "String Ohmic Value Hysteresis 2",
            "records": [
                {
                    "recordType": 3,
                    "address": "47353",
                    "description": "String Ohmic Value Hysteresis Bytes 400-401",
                    "dataValue": ""
                },
                {
                    "recordType": 3,
                    "address": "47354",
                    "description": "String Ohmic Value Hysteresis Bytes 402-403",
                    "dataValue": ""
                },
                {
                    "recordType": 3,
                    "address": "47355",
                    "description": "String Ohmic Value Hysteresis Bytes 404-405",
                    "dataValue": ""
                },
                {
                    "recordType": 3,
                    "address": "47356",
                    "description": "String Ohmic Value Hysteresis Bytes 406-407",
                    "dataValue": ""
                },
                {
                    "recordType": 3,
                    "address": "47357",
                    "description": "String Ohmic Value Hysteresis Bytes 408-409",
                    "dataValue": ""
                },
                {
                    "recordType": 3,
                    "address": "47358",
                    "description": "String Ohmic Value Hysteresis Bytes 410-411",
                    "dataValue": ""
                },
                {
                    "recordType": 3,
                    "address": "47359",
                    "description": "String Ohmic Value Hysteresis Bytes 412-413",
                    "dataValue": ""
                },
                {
                    "recordType": 3,
                    "address": "47360",
                    "description": "String Ohmic Value Hysteresis Bytes 414-415",
                    "dataValue": ""
                },
                {
                    "recordType": 3,
                    "address": "47361",
                    "description": "String Ohmic Value Hysteresis Bytes 416-417",
                    "dataValue": ""
                },
                {
                    "recordType": 3,
                    "address": "47362",
                    "description": "String Ohmic Value Hysteresis Bytes 418-419",
                    "dataValue": ""
                },
                {
                    "recordType": 3,
                    "address": "47363",
                    "description": "String Ohmic Value Hysteresis Bytes 420-421",
                    "dataValue": ""
                },
                {
                    "recordType": 3,
                    "address": "47364",
                    "description": "String Ohmic Value Hysteresis Bytes 422-423",
                    "dataValue": ""
                },
                {
                    "recordType": 3,
                    "address": "47365",
                    "description": "String Ohmic Value Hysteresis Bytes 424-425",
                    "dataValue": ""
                },
                {
                    "recordType": 3,
                    "address": "47366",
                    "description": "String Ohmic Value Hysteresis Bytes 426-427",
                    "dataValue": ""
                },
                {
                    "recordType": 3,
                    "address": "47367",
                    "description": "String Ohmic Value Hysteresis Bytes 428-429",
                    "dataValue": ""
                },
                {
                    "recordType": 3,
                    "address": "47368",
                    "description": "String Ohmic Value Hysteresis Bytes 430-431",
                    "dataValue": ""
                },
                {
                    "recordType": 3,
                    "address": "47369",
                    "description": "String Ohmic Value Hysteresis Bytes 432-433",
                    "dataValue": ""
                },
                {
                    "recordType": 3,
                    "address": "47370",
                    "description": "String Ohmic Value Hysteresis Bytes 434-435",
                    "dataValue": ""
                },
                {
                    "recordType": 3,
                    "address": "47371",
                    "description": "String Ohmic Value Hysteresis Bytes 436-437",
                    "dataValue": ""
                },
                {
                    "recordType": 3,
                    "address": "47372",
                    "description": "String Ohmic Value Hysteresis Bytes 438-439",
                    "dataValue": ""
                },
                {
                    "recordType": 3,
                    "address": "47373",
                    "description": "String Ohmic Value Hysteresis Bytes 440-441",
                    "dataValue": ""
                },
                {
                    "recordType": 3,
                    "address": "47374",
                    "description": "String Ohmic Value Hysteresis Bytes 442-443",
                    "dataValue": ""
                },
                {
                    "recordType": 3,
                    "address": "47375",
                    "description": "String Ohmic Value Hysteresis Bytes 444-445",
                    "dataValue": ""
                },
                {
                    "recordType": 3,
                    "address": "47376",
                    "description": "String Ohmic Value Hysteresis Bytes 446-447",
                    "dataValue": ""
                },
                {
                    "recordType": 3,
                    "address": "47377",
                    "description": "String Ohmic Value Hysteresis Bytes 448-449",
                    "dataValue": ""
                },
                {
                    "recordType": 3,
                    "address": "47378",
                    "description": "String Ohmic Value Hysteresis Bytes 450-451",
                    "dataValue": ""
                },
                {
                    "recordType": 3,
                    "address": "47379",
                    "description": "String Ohmic Value Hysteresis Bytes 452-453",
                    "dataValue": ""
                },
                {
                    "recordType": 3,
                    "address": "47380",
                    "description": "String Ohmic Value Hysteresis Bytes 454-455",
                    "dataValue": ""
                },
                {
                    "recordType": 3,
                    "address": "47381",
                    "description": "String Ohmic Value Hysteresis Bytes 456-457",
                    "dataValue": ""
                },
                {
                    "recordType": 3,
                    "address": "47382",
                    "description": "String Ohmic Value Hysteresis Bytes 458-459",
                    "dataValue": ""
                },
                {
                    "recordType": 3,
                    "address": "47383",
                    "description": "String Ohmic Value Hysteresis Bytes 460-461",
                    "dataValue": ""
                },
                {
                    "recordType": 3,
                    "address": "47384",
                    "description": "String Ohmic Value Hysteresis Bytes 462-463",
                    "dataValue": ""
                },
                {
                    "recordType": 3,
                    "address": "47385",
                    "description": "String Ohmic Value Hysteresis Bytes 464-465",
                    "dataValue": ""
                },
                {
                    "recordType": 3,
                    "address": "47386",
                    "description": "String Ohmic Value Hysteresis Bytes 466-467",
                    "dataValue": ""
                },
                {
                    "recordType": 3,
                    "address": "47387",
                    "description": "String Ohmic Value Hysteresis Bytes 468-469",
                    "dataValue": ""
                },
                {
                    "recordType": 3,
                    "address": "47388",
                    "description": "String Ohmic Value Hysteresis Bytes 470-471",
                    "dataValue": ""
                },
                {
                    "recordType": 3,
                    "address": "47389",
                    "description": "String Ohmic Value Hysteresis Bytes 472-473",
                    "dataValue": ""
                },
                {
                    "recordType": 3,
                    "address": "47390",
                    "description": "String Ohmic Value Hysteresis Bytes 474-475",
                    "dataValue": ""
                },
                {
                    "recordType": 3,
                    "address": "47391",
                    "description": "String Ohmic Value Hysteresis Bytes 476-477",
                    "dataValue": ""
                },
                {
                    "recordType": 3,
                    "address": "47392",
                    "description": "String Ohmic Value Hysteresis Bytes 478-479",
                    "dataValue": ""
                },
                {
                    "recordType": 3,
                    "address": "47393",
                    "description": "String Ohmic Value Hysteresis Bytes 480-481",
                    "dataValue": ""
                },
                {
                    "recordType": 3,
                    "address": "47394",
                    "description": "String Ohmic Value Hysteresis Bytes 482-483",
                    "dataValue": ""
                },
                {
                    "recordType": 3,
                    "address": "47395",
                    "description": "String Ohmic Value Hysteresis Bytes 484-485",
                    "dataValue": ""
                },
                {
                    "recordType": 3,
                    "address": "47396",
                    "description": "String Ohmic Value Hysteresis Bytes 486-487",
                    "dataValue": ""
                },
                {
                    "recordType": 3,
                    "address": "47397",
                    "description": "String Ohmic Value Hysteresis Bytes 488-489",
                    "dataValue": ""
                },
                {
                    "recordType": 3,
                    "address": "47398",
                    "description": "String Ohmic Value Hysteresis Bytes 490-491",
                    "dataValue": ""
                },
                {
                    "recordType": 3,
                    "address": "47399",
                    "description": "String Ohmic Value Hysteresis Bytes 492-493",
                    "dataValue": ""
                },
                {
                    "recordType": 3,
                    "address": "47400",
                    "description": "String Ohmic Value Hysteresis Bytes 494-495",
                    "dataValue": ""
                },
                {
                    "recordType": 3,
                    "address": "47401",
                    "description": "String Ohmic Value Hysteresis Bytes 496-497",
                    "dataValue": ""
                },
                {
                    "recordType": 3,
                    "address": "47402",
                    "description": "String Ohmic Value Hysteresis Bytes 498-499",
                    "dataValue": ""
                },
                {
                    "recordType": 3,
                    "address": "47403",
                    "description": "String Ohmic Value Hysteresis Bytes 500-501",
                    "dataValue": ""
                },
                {
                    "recordType": 3,
                    "address": "47404",
                    "description": "String Ohmic Value Hysteresis Bytes 502-503",
                    "dataValue": ""
                },
                {
                    "recordType": 3,
                    "address": "47405",
                    "description": "String Ohmic Value Hysteresis Bytes 504-505",
                    "dataValue": ""
                },
                {
                    "recordType": 3,
                    "address": "47406",
                    "description": "String Ohmic Value Hysteresis Bytes 506-507",
                    "dataValue": ""
                },
                {
                    "recordType": 3,
                    "address": "47407",
                    "description": "String Ohmic Value Hysteresis Bytes 508-509",
                    "dataValue": ""
                },
                {
                    "recordType": 3,
                    "address": "47408",
                    "description": "String Ohmic Value Hysteresis Bytes 510-511",
                    "dataValue": ""
                }
            ]
        }
    ]
}