{
    "sequences": [
        {
            "name": "String Thermal Runaway Channel Timestamp, Second 0",
            "type": 0,
            "records": [
                {
                    "dataValue": "",
                    "recordType": 3,
                    "description": "String Thermal Runaway Channel Timestamp, Second Bytes 000-001",
                    "address": "10992"
                },
                {
                    "dataValue": "",
                    "recordType": 3,
                    "description": "String Thermal Runaway Channel Timestamp, Second Bytes 002-003",
                    "address": "10993"
                },
                {
                    "dataValue": "",
                    "recordType": 3,
                    "description": "String Thermal Runaway Channel Timestamp, Second Bytes 004-005",
                    "address": "10994"
                },
                {
                    "dataValue": "",
                    "recordType": 3,
                    "description": "String Thermal Runaway Channel Timestamp, Second Bytes 006-007",
                    "address": "10995"
                },
                {
                    "dataValue": "",
                    "recordType": 3,
                    "description": "String Thermal Runaway Channel Timestamp, Second Bytes 008-009",
                    "address": "10996"
                },
                {
                    "dataValue": "",
                    "recordType": 3,
                    "description": "String Thermal Runaway Channel Timestamp, Second Bytes 010-011",
                    "address": "10997"
                },
                {
                    "dataValue": "",
                    "recordType": 3,
                    "description": "String Thermal Runaway Channel Timestamp, Second Bytes 012-013",
                    "address": "10998"
                },
                {
                    "dataValue": "",
                    "recordType": 3,
                    "description": "String Thermal Runaway Channel Timestamp, Second Bytes 014-015",
                    "address": "10999"
                },
                {
                    "dataValue": "",
                    "recordType": 3,
                    "description": "String Thermal Runaway Channel Timestamp, Second Bytes 016-017",
                    "address": "11000"
                },
                {
                    "dataValue": "",
                    "recordType": 3,
                    "description": "String Thermal Runaway Channel Timestamp, Second Bytes 018-019",
                    "address": "11001"
                },
                {
                    "dataValue": "",
                    "recordType": 3,
                    "description": "String Thermal Runaway Channel Timestamp, Second Bytes 020-021",
                    "address": "11002"
                },
                {
                    "dataValue": "",
                    "recordType": 3,
                    "description": "String Thermal Runaway Channel Timestamp, Second Bytes 022-023",
                    "address": "11003"
                },
                {
                    "dataValue": "",
                    "recordType": 3,
                    "description": "String Thermal Runaway Channel Timestamp, Second Bytes 024-025",
                    "address": "11004"
                },
                {
                    "dataValue": "",
                    "recordType": 3,
                    "description": "String Thermal Runaway Channel Timestamp, Second Bytes 026-027",
                    "address": "11005"
                },
                {
                    "dataValue": "",
                    "recordType": 3,
                    "description": "String Thermal Runaway Channel Timestamp, Second Bytes 028-029",
                    "address": "11006"
                },
                {
                    "dataValue": "",
                    "recordType": 3,
                    "description": "String Thermal Runaway Channel Timestamp, Second Bytes 030-031",
                    "address": "11007"
                },
                {
                    "dataValue": "",
                    "recordType": 3,
                    "description": "String Thermal Runaway Channel Timestamp, Second Bytes 032-033",
                    "address": "11008"
                },
                {
                    "dataValue": "",
                    "recordType": 3,
                    "description": "String Thermal Runaway Channel Timestamp, Second Bytes 034-035",
                    "address": "11009"
                },
                {
                    "dataValue": "",
                    "recordType": 3,
                    "description": "String Thermal Runaway Channel Timestamp, Second Bytes 036-037",
                    "address": "11010"
                },
                {
                    "dataValue": "",
                    "recordType": 3,
                    "description": "String Thermal Runaway Channel Timestamp, Second Bytes 038-039",
                    "address": "11011"
                },
                {
                    "dataValue": "",
                    "recordType": 3,
                    "description": "String Thermal Runaway Channel Timestamp, Second Bytes 040-041",
                    "address": "11012"
                },
                {
                    "dataValue": "",
                    "recordType": 3,
                    "description": "String Thermal Runaway Channel Timestamp, Second Bytes 042-043",
                    "address": "11013"
                },
                {
                    "dataValue": "",
                    "recordType": 3,
                    "description": "String Thermal Runaway Channel Timestamp, Second Bytes 044-045",
                    "address": "11014"
                },
                {
                    "dataValue": "",
                    "recordType": 3,
                    "description": "String Thermal Runaway Channel Timestamp, Second Bytes 046-047",
                    "address": "11015"
                },
                {
                    "dataValue": "",
                    "recordType": 3,
                    "description": "String Thermal Runaway Channel Timestamp, Second Bytes 048-049",
                    "address": "11016"
                },
                {
                    "dataValue": "",
                    "recordType": 3,
                    "description": "String Thermal Runaway Channel Timestamp, Second Bytes 050-051",
                    "address": "11017"
                },
                {
                    "dataValue": "",
                    "recordType": 3,
                    "description": "String Thermal Runaway Channel Timestamp, Second Bytes 052-053",
                    "address": "11018"
                },
                {
                    "dataValue": "",
                    "recordType": 3,
                    "description": "String Thermal Runaway Channel Timestamp, Second Bytes 054-055",
                    "address": "11019"
                },
                {
                    "dataValue": "",
                    "recordType": 3,
                    "description": "String Thermal Runaway Channel Timestamp, Second Bytes 056-057",
                    "address": "11020"
                },
                {
                    "dataValue": "",
                    "recordType": 3,
                    "description": "String Thermal Runaway Channel Timestamp, Second Bytes 058-059",
                    "address": "11021"
                },
                {
                    "dataValue": "",
                    "recordType": 3,
                    "description": "String Thermal Runaway Channel Timestamp, Second Bytes 060-061",
                    "address": "11022"
                },
                {
                    "dataValue": "",
                    "recordType": 3,
                    "description": "String Thermal Runaway Channel Timestamp, Second Bytes 062-063",
                    "address": "11023"
                },
                {
                    "dataValue": "",
                    "recordType": 3,
                    "description": "String Thermal Runaway Channel Timestamp, Second Bytes 064-065",
                    "address": "11024"
                },
                {
                    "dataValue": "",
                    "recordType": 3,
                    "description": "String Thermal Runaway Channel Timestamp, Second Bytes 066-067",
                    "address": "11025"
                },
                {
                    "dataValue": "",
                    "recordType": 3,
                    "description": "String Thermal Runaway Channel Timestamp, Second Bytes 068-069",
                    "address": "11026"
                },
                {
                    "dataValue": "",
                    "recordType": 3,
                    "description": "String Thermal Runaway Channel Timestamp, Second Bytes 070-071",
                    "address": "11027"
                },
                {
                    "dataValue": "",
                    "recordType": 3,
                    "description": "String Thermal Runaway Channel Timestamp, Second Bytes 072-073",
                    "address": "11028"
                },
                {
                    "dataValue": "",
                    "recordType": 3,
                    "description": "String Thermal Runaway Channel Timestamp, Second Bytes 074-075",
                    "address": "11029"
                },
                {
                    "dataValue": "",
                    "recordType": 3,
                    "description": "String Thermal Runaway Channel Timestamp, Second Bytes 076-077",
                    "address": "11030"
                },
                {
                    "dataValue": "",
                    "recordType": 3,
                    "description": "String Thermal Runaway Channel Timestamp, Second Bytes 078-079",
                    "address": "11031"
                },
                {
                    "dataValue": "",
                    "recordType": 3,
                    "description": "String Thermal Runaway Channel Timestamp, Second Bytes 080-081",
                    "address": "11032"
                },
                {
                    "dataValue": "",
                    "recordType": 3,
                    "description": "String Thermal Runaway Channel Timestamp, Second Bytes 082-083",
                    "address": "11033"
                },
                {
                    "dataValue": "",
                    "recordType": 3,
                    "description": "String Thermal Runaway Channel Timestamp, Second Bytes 084-085",
                    "address": "11034"
                },
                {
                    "dataValue": "",
                    "recordType": 3,
                    "description": "String Thermal Runaway Channel Timestamp, Second Bytes 086-087",
                    "address": "11035"
                },
                {
                    "dataValue": "",
                    "recordType": 3,
                    "description": "String Thermal Runaway Channel Timestamp, Second Bytes 088-089",
                    "address": "11036"
                },
                {
                    "dataValue": "",
                    "recordType": 3,
                    "description": "String Thermal Runaway Channel Timestamp, Second Bytes 090-091",
                    "address": "11037"
                },
                {
                    "dataValue": "",
                    "recordType": 3,
                    "description": "String Thermal Runaway Channel Timestamp, Second Bytes 092-093",
                    "address": "11038"
                },
                {
                    "dataValue": "",
                    "recordType": 3,
                    "description": "String Thermal Runaway Channel Timestamp, Second Bytes 094-095",
                    "address": "11039"
                },
                {
                    "dataValue": "",
                    "recordType": 3,
                    "description": "String Thermal Runaway Channel Timestamp, Second Bytes 096-097",
                    "address": "11040"
                },
                {
                    "dataValue": "",
                    "recordType": 3,
                    "description": "String Thermal Runaway Channel Timestamp, Second Bytes 098-099",
                    "address": "11041"
                },
                {
                    "dataValue": "",
                    "recordType": 3,
                    "description": "String Thermal Runaway Channel Timestamp, Second Bytes 100-101",
                    "address": "11042"
                },
                {
                    "dataValue": "",
                    "recordType": 3,
                    "description": "String Thermal Runaway Channel Timestamp, Second Bytes 102-103",
                    "address": "11043"
                },
                {
                    "dataValue": "",
                    "recordType": 3,
                    "description": "String Thermal Runaway Channel Timestamp, Second Bytes 104-105",
                    "address": "11044"
                },
                {
                    "dataValue": "",
                    "recordType": 3,
                    "description": "String Thermal Runaway Channel Timestamp, Second Bytes 106-107",
                    "address": "11045"
                },
                {
                    "dataValue": "",
                    "recordType": 3,
                    "description": "String Thermal Runaway Channel Timestamp, Second Bytes 108-109",
                    "address": "11046"
                },
                {
                    "dataValue": "",
                    "recordType": 3,
                    "description": "String Thermal Runaway Channel Timestamp, Second Bytes 110-111",
                    "address": "11047"
                },
                {
                    "dataValue": "",
                    "recordType": 3,
                    "description": "String Thermal Runaway Channel Timestamp, Second Bytes 112-113",
                    "address": "11048"
                },
                {
                    "dataValue": "",
                    "recordType": 3,
                    "description": "String Thermal Runaway Channel Timestamp, Second Bytes 114-115",
                    "address": "11049"
                },
                {
                    "dataValue": "",
                    "recordType": 3,
                    "description": "String Thermal Runaway Channel Timestamp, Second Bytes 116-117",
                    "address": "11050"
                },
                {
                    "dataValue": "",
                    "recordType": 3,
                    "description": "String Thermal Runaway Channel Timestamp, Second Bytes 118-119",
                    "address": "11051"
                },
                {
                    "dataValue": "",
                    "recordType": 3,
                    "description": "String Thermal Runaway Channel Timestamp, Second Bytes 120-121",
                    "address": "11052"
                },
                {
                    "dataValue": "",
                    "recordType": 3,
                    "description": "String Thermal Runaway Channel Timestamp, Second Bytes 122-123",
                    "address": "11053"
                },
                {
                    "dataValue": "",
                    "recordType": 3,
                    "description": "String Thermal Runaway Channel Timestamp, Second Bytes 124-125",
                    "address": "11054"
                },
                {
                    "dataValue": "",
                    "recordType": 3,
                    "description": "String Thermal Runaway Channel Timestamp, Second Bytes 126-127",
                    "address": "11055"
                },
                {
                    "dataValue": "",
                    "recordType": 3,
                    "description": "String Thermal Runaway Channel Timestamp, Second Bytes 128-129",
                    "address": "11056"
                },
                {
                    "dataValue": "",
                    "recordType": 3,
                    "description": "String Thermal Runaway Channel Timestamp, Second Bytes 130-131",
                    "address": "11057"
                },
                {
                    "dataValue": "",
                    "recordType": 3,
                    "description": "String Thermal Runaway Channel Timestamp, Second Bytes 132-133",
                    "address": "11058"
                },
                {
                    "dataValue": "",
                    "recordType": 3,
                    "description": "String Thermal Runaway Channel Timestamp, Second Bytes 134-135",
                    "address": "11059"
                },
                {
                    "dataValue": "",
                    "recordType": 3,
                    "description": "String Thermal Runaway Channel Timestamp, Second Bytes 136-137",
                    "address": "11060"
                },
                {
                    "dataValue": "",
                    "recordType": 3,
                    "description": "String Thermal Runaway Channel Timestamp, Second Bytes 138-139",
                    "address": "11061"
                },
                {
                    "dataValue": "",
                    "recordType": 3,
                    "description": "String Thermal Runaway Channel Timestamp, Second Bytes 140-141",
                    "address": "11062"
                },
                {
                    "dataValue": "",
                    "recordType": 3,
                    "description": "String Thermal Runaway Channel Timestamp, Second Bytes 142-143",
                    "address": "11063"
                },
                {
                    "dataValue": "",
                    "recordType": 3,
                    "description": "String Thermal Runaway Channel Timestamp, Second Bytes 144-145",
                    "address": "11064"
                },
                {
                    "dataValue": "",
                    "recordType": 3,
                    "description": "String Thermal Runaway Channel Timestamp, Second Bytes 146-147",
                    "address": "11065"
                },
                {
                    "dataValue": "",
                    "recordType": 3,
                    "description": "String Thermal Runaway Channel Timestamp, Second Bytes 148-149",
                    "address": "11066"
                },
                {
                    "dataValue": "",
                    "recordType": 3,
                    "description": "String Thermal Runaway Channel Timestamp, Second Bytes 150-151",
                    "address": "11067"
                },
                {
                    "dataValue": "",
                    "recordType": 3,
                    "description": "String Thermal Runaway Channel Timestamp, Second Bytes 152-153",
                    "address": "11068"
                },
                {
                    "dataValue": "",
                    "recordType": 3,
                    "description": "String Thermal Runaway Channel Timestamp, Second Bytes 154-155",
                    "address": "11069"
                },
                {
                    "dataValue": "",
                    "recordType": 3,
                    "description": "String Thermal Runaway Channel Timestamp, Second Bytes 156-157",
                    "address": "11070"
                },
                {
                    "dataValue": "",
                    "recordType": 3,
                    "description": "String Thermal Runaway Channel Timestamp, Second Bytes 158-159",
                    "address": "11071"
                },
                {
                    "dataValue": "",
                    "recordType": 3,
                    "description": "String Thermal Runaway Channel Timestamp, Second Bytes 160-161",
                    "address": "11072"
                },
                {
                    "dataValue": "",
                    "recordType": 3,
                    "description": "String Thermal Runaway Channel Timestamp, Second Bytes 162-163",
                    "address": "11073"
                },
                {
                    "dataValue": "",
                    "recordType": 3,
                    "description": "String Thermal Runaway Channel Timestamp, Second Bytes 164-165",
                    "address": "11074"
                },
                {
                    "dataValue": "",
                    "recordType": 3,
                    "description": "String Thermal Runaway Channel Timestamp, Second Bytes 166-167",
                    "address": "11075"
                },
                {
                    "dataValue": "",
                    "recordType": 3,
                    "description": "String Thermal Runaway Channel Timestamp, Second Bytes 168-169",
                    "address": "11076"
                },
                {
                    "dataValue": "",
                    "recordType": 3,
                    "description": "String Thermal Runaway Channel Timestamp, Second Bytes 170-171",
                    "address": "11077"
                },
                {
                    "dataValue": "",
                    "recordType": 3,
                    "description": "String Thermal Runaway Channel Timestamp, Second Bytes 172-173",
                    "address": "11078"
                },
                {
                    "dataValue": "",
                    "recordType": 3,
                    "description": "String Thermal Runaway Channel Timestamp, Second Bytes 174-175",
                    "address": "11079"
                },
                {
                    "dataValue": "",
                    "recordType": 3,
                    "description": "String Thermal Runaway Channel Timestamp, Second Bytes 176-177",
                    "address": "11080"
                },
                {
                    "dataValue": "",
                    "recordType": 3,
                    "description": "String Thermal Runaway Channel Timestamp, Second Bytes 178-179",
                    "address": "11081"
                },
                {
                    "dataValue": "",
                    "recordType": 3,
                    "description": "String Thermal Runaway Channel Timestamp, Second Bytes 180-181",
                    "address": "11082"
                },
                {
                    "dataValue": "",
                    "recordType": 3,
                    "description": "String Thermal Runaway Channel Timestamp, Second Bytes 182-183",
                    "address": "11083"
                },
                {
                    "dataValue": "",
                    "recordType": 3,
                    "description": "String Thermal Runaway Channel Timestamp, Second Bytes 184-185",
                    "address": "11084"
                },
                {
                    "dataValue": "",
                    "recordType": 3,
                    "description": "String Thermal Runaway Channel Timestamp, Second Bytes 186-187",
                    "address": "11085"
                },
                {
                    "dataValue": "",
                    "recordType": 3,
                    "description": "String Thermal Runaway Channel Timestamp, Second Bytes 188-189",
                    "address": "11086"
                },
                {
                    "dataValue": "",
                    "recordType": 3,
                    "description": "String Thermal Runaway Channel Timestamp, Second Bytes 190-191",
                    "address": "11087"
                },
                {
                    "dataValue": "",
                    "recordType": 3,
                    "description": "String Thermal Runaway Channel Timestamp, Second Bytes 192-193",
                    "address": "11088"
                },
                {
                    "dataValue": "",
                    "recordType": 3,
                    "description": "String Thermal Runaway Channel Timestamp, Second Bytes 194-195",
                    "address": "11089"
                },
                {
                    "dataValue": "",
                    "recordType": 3,
                    "description": "String Thermal Runaway Channel Timestamp, Second Bytes 196-197",
                    "address": "11090"
                },
                {
                    "dataValue": "",
                    "recordType": 3,
                    "description": "String Thermal Runaway Channel Timestamp, Second Bytes 198-199",
                    "address": "11091"
                }
            ]
        },
        {
            "name": "String Thermal Runaway Channel Timestamp, Second 1",
            "type": 0,
            "records": [
                {
                    "dataValue": "",
                    "recordType": 3,
                    "description": "String Thermal Runaway Channel Timestamp, Second Bytes 200-201",
                    "address": "11092"
                },
                {
                    "dataValue": "",
                    "recordType": 3,
                    "description": "String Thermal Runaway Channel Timestamp, Second Bytes 202-203",
                    "address": "11093"
                },
                {
                    "dataValue": "",
                    "recordType": 3,
                    "description": "String Thermal Runaway Channel Timestamp, Second Bytes 204-205",
                    "address": "11094"
                },
                {
                    "dataValue": "",
                    "recordType": 3,
                    "description": "String Thermal Runaway Channel Timestamp, Second Bytes 206-207",
                    "address": "11095"
                },
                {
                    "dataValue": "",
                    "recordType": 3,
                    "description": "String Thermal Runaway Channel Timestamp, Second Bytes 208-209",
                    "address": "11096"
                },
                {
                    "dataValue": "",
                    "recordType": 3,
                    "description": "String Thermal Runaway Channel Timestamp, Second Bytes 210-211",
                    "address": "11097"
                },
                {
                    "dataValue": "",
                    "recordType": 3,
                    "description": "String Thermal Runaway Channel Timestamp, Second Bytes 212-213",
                    "address": "11098"
                },
                {
                    "dataValue": "",
                    "recordType": 3,
                    "description": "String Thermal Runaway Channel Timestamp, Second Bytes 214-215",
                    "address": "11099"
                },
                {
                    "dataValue": "",
                    "recordType": 3,
                    "description": "String Thermal Runaway Channel Timestamp, Second Bytes 216-217",
                    "address": "11100"
                },
                {
                    "dataValue": "",
                    "recordType": 3,
                    "description": "String Thermal Runaway Channel Timestamp, Second Bytes 218-219",
                    "address": "11101"
                },
                {
                    "dataValue": "",
                    "recordType": 3,
                    "description": "String Thermal Runaway Channel Timestamp, Second Bytes 220-221",
                    "address": "11102"
                },
                {
                    "dataValue": "",
                    "recordType": 3,
                    "description": "String Thermal Runaway Channel Timestamp, Second Bytes 222-223",
                    "address": "11103"
                },
                {
                    "dataValue": "",
                    "recordType": 3,
                    "description": "String Thermal Runaway Channel Timestamp, Second Bytes 224-225",
                    "address": "11104"
                },
                {
                    "dataValue": "",
                    "recordType": 3,
                    "description": "String Thermal Runaway Channel Timestamp, Second Bytes 226-227",
                    "address": "11105"
                },
                {
                    "dataValue": "",
                    "recordType": 3,
                    "description": "String Thermal Runaway Channel Timestamp, Second Bytes 228-229",
                    "address": "11106"
                },
                {
                    "dataValue": "",
                    "recordType": 3,
                    "description": "String Thermal Runaway Channel Timestamp, Second Bytes 230-231",
                    "address": "11107"
                },
                {
                    "dataValue": "",
                    "recordType": 3,
                    "description": "String Thermal Runaway Channel Timestamp, Second Bytes 232-233",
                    "address": "11108"
                },
                {
                    "dataValue": "",
                    "recordType": 3,
                    "description": "String Thermal Runaway Channel Timestamp, Second Bytes 234-235",
                    "address": "11109"
                },
                {
                    "dataValue": "",
                    "recordType": 3,
                    "description": "String Thermal Runaway Channel Timestamp, Second Bytes 236-237",
                    "address": "11110"
                },
                {
                    "dataValue": "",
                    "recordType": 3,
                    "description": "String Thermal Runaway Channel Timestamp, Second Bytes 238-239",
                    "address": "11111"
                },
                {
                    "dataValue": "",
                    "recordType": 3,
                    "description": "String Thermal Runaway Channel Timestamp, Second Bytes 240-241",
                    "address": "11112"
                },
                {
                    "dataValue": "",
                    "recordType": 3,
                    "description": "String Thermal Runaway Channel Timestamp, Second Bytes 242-243",
                    "address": "11113"
                },
                {
                    "dataValue": "",
                    "recordType": 3,
                    "description": "String Thermal Runaway Channel Timestamp, Second Bytes 244-245",
                    "address": "11114"
                },
                {
                    "dataValue": "",
                    "recordType": 3,
                    "description": "String Thermal Runaway Channel Timestamp, Second Bytes 246-247",
                    "address": "11115"
                },
                {
                    "dataValue": "",
                    "recordType": 3,
                    "description": "String Thermal Runaway Channel Timestamp, Second Bytes 248-249",
                    "address": "11116"
                },
                {
                    "dataValue": "",
                    "recordType": 3,
                    "description": "String Thermal Runaway Channel Timestamp, Second Bytes 250-251",
                    "address": "11117"
                },
                {
                    "dataValue": "",
                    "recordType": 3,
                    "description": "String Thermal Runaway Channel Timestamp, Second Bytes 252-253",
                    "address": "11118"
                },
                {
                    "dataValue": "",
                    "recordType": 3,
                    "description": "String Thermal Runaway Channel Timestamp, Second Bytes 254-255",
                    "address": "11119"
                },
                {
                    "dataValue": "",
                    "recordType": 3,
                    "description": "String Thermal Runaway Channel Timestamp, Second Bytes 256-257",
                    "address": "11120"
                },
                {
                    "dataValue": "",
                    "recordType": 3,
                    "description": "String Thermal Runaway Channel Timestamp, Second Bytes 258-259",
                    "address": "11121"
                },
                {
                    "dataValue": "",
                    "recordType": 3,
                    "description": "String Thermal Runaway Channel Timestamp, Second Bytes 260-261",
                    "address": "11122"
                },
                {
                    "dataValue": "",
                    "recordType": 3,
                    "description": "String Thermal Runaway Channel Timestamp, Second Bytes 262-263",
                    "address": "11123"
                },
                {
                    "dataValue": "",
                    "recordType": 3,
                    "description": "String Thermal Runaway Channel Timestamp, Second Bytes 264-265",
                    "address": "11124"
                },
                {
                    "dataValue": "",
                    "recordType": 3,
                    "description": "String Thermal Runaway Channel Timestamp, Second Bytes 266-267",
                    "address": "11125"
                },
                {
                    "dataValue": "",
                    "recordType": 3,
                    "description": "String Thermal Runaway Channel Timestamp, Second Bytes 268-269",
                    "address": "11126"
                },
                {
                    "dataValue": "",
                    "recordType": 3,
                    "description": "String Thermal Runaway Channel Timestamp, Second Bytes 270-271",
                    "address": "11127"
                },
                {
                    "dataValue": "",
                    "recordType": 3,
                    "description": "String Thermal Runaway Channel Timestamp, Second Bytes 272-273",
                    "address": "11128"
                },
                {
                    "dataValue": "",
                    "recordType": 3,
                    "description": "String Thermal Runaway Channel Timestamp, Second Bytes 274-275",
                    "address": "11129"
                },
                {
                    "dataValue": "",
                    "recordType": 3,
                    "description": "String Thermal Runaway Channel Timestamp, Second Bytes 276-277",
                    "address": "11130"
                },
                {
                    "dataValue": "",
                    "recordType": 3,
                    "description": "String Thermal Runaway Channel Timestamp, Second Bytes 278-279",
                    "address": "11131"
                },
                {
                    "dataValue": "",
                    "recordType": 3,
                    "description": "String Thermal Runaway Channel Timestamp, Second Bytes 280-281",
                    "address": "11132"
                },
                {
                    "dataValue": "",
                    "recordType": 3,
                    "description": "String Thermal Runaway Channel Timestamp, Second Bytes 282-283",
                    "address": "11133"
                },
                {
                    "dataValue": "",
                    "recordType": 3,
                    "description": "String Thermal Runaway Channel Timestamp, Second Bytes 284-285",
                    "address": "11134"
                },
                {
                    "dataValue": "",
                    "recordType": 3,
                    "description": "String Thermal Runaway Channel Timestamp, Second Bytes 286-287",
                    "address": "11135"
                },
                {
                    "dataValue": "",
                    "recordType": 3,
                    "description": "String Thermal Runaway Channel Timestamp, Second Bytes 288-289",
                    "address": "11136"
                },
                {
                    "dataValue": "",
                    "recordType": 3,
                    "description": "String Thermal Runaway Channel Timestamp, Second Bytes 290-291",
                    "address": "11137"
                },
                {
                    "dataValue": "",
                    "recordType": 3,
                    "description": "String Thermal Runaway Channel Timestamp, Second Bytes 292-293",
                    "address": "11138"
                },
                {
                    "dataValue": "",
                    "recordType": 3,
                    "description": "String Thermal Runaway Channel Timestamp, Second Bytes 294-295",
                    "address": "11139"
                },
                {
                    "dataValue": "",
                    "recordType": 3,
                    "description": "String Thermal Runaway Channel Timestamp, Second Bytes 296-297",
                    "address": "11140"
                },
                {
                    "dataValue": "",
                    "recordType": 3,
                    "description": "String Thermal Runaway Channel Timestamp, Second Bytes 298-299",
                    "address": "11141"
                },
                {
                    "dataValue": "",
                    "recordType": 3,
                    "description": "String Thermal Runaway Channel Timestamp, Second Bytes 300-301",
                    "address": "11142"
                },
                {
                    "dataValue": "",
                    "recordType": 3,
                    "description": "String Thermal Runaway Channel Timestamp, Second Bytes 302-303",
                    "address": "11143"
                },
                {
                    "dataValue": "",
                    "recordType": 3,
                    "description": "String Thermal Runaway Channel Timestamp, Second Bytes 304-305",
                    "address": "11144"
                },
                {
                    "dataValue": "",
                    "recordType": 3,
                    "description": "String Thermal Runaway Channel Timestamp, Second Bytes 306-307",
                    "address": "11145"
                },
                {
                    "dataValue": "",
                    "recordType": 3,
                    "description": "String Thermal Runaway Channel Timestamp, Second Bytes 308-309",
                    "address": "11146"
                },
                {
                    "dataValue": "",
                    "recordType": 3,
                    "description": "String Thermal Runaway Channel Timestamp, Second Bytes 310-311",
                    "address": "11147"
                },
                {
                    "dataValue": "",
                    "recordType": 3,
                    "description": "String Thermal Runaway Channel Timestamp, Second Bytes 312-313",
                    "address": "11148"
                },
                {
                    "dataValue": "",
                    "recordType": 3,
                    "description": "String Thermal Runaway Channel Timestamp, Second Bytes 314-315",
                    "address": "11149"
                },
                {
                    "dataValue": "",
                    "recordType": 3,
                    "description": "String Thermal Runaway Channel Timestamp, Second Bytes 316-317",
                    "address": "11150"
                },
                {
                    "dataValue": "",
                    "recordType": 3,
                    "description": "String Thermal Runaway Channel Timestamp, Second Bytes 318-319",
                    "address": "11151"
                },
                {
                    "dataValue": "",
                    "recordType": 3,
                    "description": "String Thermal Runaway Channel Timestamp, Second Bytes 320-321",
                    "address": "11152"
                },
                {
                    "dataValue": "",
                    "recordType": 3,
                    "description": "String Thermal Runaway Channel Timestamp, Second Bytes 322-323",
                    "address": "11153"
                },
                {
                    "dataValue": "",
                    "recordType": 3,
                    "description": "String Thermal Runaway Channel Timestamp, Second Bytes 324-325",
                    "address": "11154"
                },
                {
                    "dataValue": "",
                    "recordType": 3,
                    "description": "String Thermal Runaway Channel Timestamp, Second Bytes 326-327",
                    "address": "11155"
                },
                {
                    "dataValue": "",
                    "recordType": 3,
                    "description": "String Thermal Runaway Channel Timestamp, Second Bytes 328-329",
                    "address": "11156"
                },
                {
                    "dataValue": "",
                    "recordType": 3,
                    "description": "String Thermal Runaway Channel Timestamp, Second Bytes 330-331",
                    "address": "11157"
                },
                {
                    "dataValue": "",
                    "recordType": 3,
                    "description": "String Thermal Runaway Channel Timestamp, Second Bytes 332-333",
                    "address": "11158"
                },
                {
                    "dataValue": "",
                    "recordType": 3,
                    "description": "String Thermal Runaway Channel Timestamp, Second Bytes 334-335",
                    "address": "11159"
                },
                {
                    "dataValue": "",
                    "recordType": 3,
                    "description": "String Thermal Runaway Channel Timestamp, Second Bytes 336-337",
                    "address": "11160"
                },
                {
                    "dataValue": "",
                    "recordType": 3,
                    "description": "String Thermal Runaway Channel Timestamp, Second Bytes 338-339",
                    "address": "11161"
                },
                {
                    "dataValue": "",
                    "recordType": 3,
                    "description": "String Thermal Runaway Channel Timestamp, Second Bytes 340-341",
                    "address": "11162"
                },
                {
                    "dataValue": "",
                    "recordType": 3,
                    "description": "String Thermal Runaway Channel Timestamp, Second Bytes 342-343",
                    "address": "11163"
                },
                {
                    "dataValue": "",
                    "recordType": 3,
                    "description": "String Thermal Runaway Channel Timestamp, Second Bytes 344-345",
                    "address": "11164"
                },
                {
                    "dataValue": "",
                    "recordType": 3,
                    "description": "String Thermal Runaway Channel Timestamp, Second Bytes 346-347",
                    "address": "11165"
                },
                {
                    "dataValue": "",
                    "recordType": 3,
                    "description": "String Thermal Runaway Channel Timestamp, Second Bytes 348-349",
                    "address": "11166"
                },
                {
                    "dataValue": "",
                    "recordType": 3,
                    "description": "String Thermal Runaway Channel Timestamp, Second Bytes 350-351",
                    "address": "11167"
                },
                {
                    "dataValue": "",
                    "recordType": 3,
                    "description": "String Thermal Runaway Channel Timestamp, Second Bytes 352-353",
                    "address": "11168"
                },
                {
                    "dataValue": "",
                    "recordType": 3,
                    "description": "String Thermal Runaway Channel Timestamp, Second Bytes 354-355",
                    "address": "11169"
                },
                {
                    "dataValue": "",
                    "recordType": 3,
                    "description": "String Thermal Runaway Channel Timestamp, Second Bytes 356-357",
                    "address": "11170"
                },
                {
                    "dataValue": "",
                    "recordType": 3,
                    "description": "String Thermal Runaway Channel Timestamp, Second Bytes 358-359",
                    "address": "11171"
                },
                {
                    "dataValue": "",
                    "recordType": 3,
                    "description": "String Thermal Runaway Channel Timestamp, Second Bytes 360-361",
                    "address": "11172"
                },
                {
                    "dataValue": "",
                    "recordType": 3,
                    "description": "String Thermal Runaway Channel Timestamp, Second Bytes 362-363",
                    "address": "11173"
                },
                {
                    "dataValue": "",
                    "recordType": 3,
                    "description": "String Thermal Runaway Channel Timestamp, Second Bytes 364-365",
                    "address": "11174"
                },
                {
                    "dataValue": "",
                    "recordType": 3,
                    "description": "String Thermal Runaway Channel Timestamp, Second Bytes 366-367",
                    "address": "11175"
                },
                {
                    "dataValue": "",
                    "recordType": 3,
                    "description": "String Thermal Runaway Channel Timestamp, Second Bytes 368-369",
                    "address": "11176"
                },
                {
                    "dataValue": "",
                    "recordType": 3,
                    "description": "String Thermal Runaway Channel Timestamp, Second Bytes 370-371",
                    "address": "11177"
                },
                {
                    "dataValue": "",
                    "recordType": 3,
                    "description": "String Thermal Runaway Channel Timestamp, Second Bytes 372-373",
                    "address": "11178"
                },
                {
                    "dataValue": "",
                    "recordType": 3,
                    "description": "String Thermal Runaway Channel Timestamp, Second Bytes 374-375",
                    "address": "11179"
                },
                {
                    "dataValue": "",
                    "recordType": 3,
                    "description": "String Thermal Runaway Channel Timestamp, Second Bytes 376-377",
                    "address": "11180"
                },
                {
                    "dataValue": "",
                    "recordType": 3,
                    "description": "String Thermal Runaway Channel Timestamp, Second Bytes 378-379",
                    "address": "11181"
                },
                {
                    "dataValue": "",
                    "recordType": 3,
                    "description": "String Thermal Runaway Channel Timestamp, Second Bytes 380-381",
                    "address": "11182"
                },
                {
                    "dataValue": "",
                    "recordType": 3,
                    "description": "String Thermal Runaway Channel Timestamp, Second Bytes 382-383",
                    "address": "11183"
                },
                {
                    "dataValue": "",
                    "recordType": 3,
                    "description": "String Thermal Runaway Channel Timestamp, Second Bytes 384-385",
                    "address": "11184"
                },
                {
                    "dataValue": "",
                    "recordType": 3,
                    "description": "String Thermal Runaway Channel Timestamp, Second Bytes 386-387",
                    "address": "11185"
                },
                {
                    "dataValue": "",
                    "recordType": 3,
                    "description": "String Thermal Runaway Channel Timestamp, Second Bytes 388-389",
                    "address": "11186"
                },
                {
                    "dataValue": "",
                    "recordType": 3,
                    "description": "String Thermal Runaway Channel Timestamp, Second Bytes 390-391",
                    "address": "11187"
                },
                {
                    "dataValue": "",
                    "recordType": 3,
                    "description": "String Thermal Runaway Channel Timestamp, Second Bytes 392-393",
                    "address": "11188"
                },
                {
                    "dataValue": "",
                    "recordType": 3,
                    "description": "String Thermal Runaway Channel Timestamp, Second Bytes 394-395",
                    "address": "11189"
                },
                {
                    "dataValue": "",
                    "recordType": 3,
                    "description": "String Thermal Runaway Channel Timestamp, Second Bytes 396-397",
                    "address": "11190"
                },
                {
                    "dataValue": "",
                    "recordType": 3,
                    "description": "String Thermal Runaway Channel Timestamp, Second Bytes 398-399",
                    "address": "11191"
                }
            ]
        },
        {
            "name": "String Thermal Runaway Channel Timestamp, Second 2",
            "type": 0,
            "records": [
                {
                    "dataValue": "",
                    "recordType": 3,
                    "description": "String Thermal Runaway Channel Timestamp, Second Bytes 400-401",
                    "address": "11192"
                },
                {
                    "dataValue": "",
                    "recordType": 3,
                    "description": "String Thermal Runaway Channel Timestamp, Second Bytes 402-403",
                    "address": "11193"
                },
                {
                    "dataValue": "",
                    "recordType": 3,
                    "description": "String Thermal Runaway Channel Timestamp, Second Bytes 404-405",
                    "address": "11194"
                },
                {
                    "dataValue": "",
                    "recordType": 3,
                    "description": "String Thermal Runaway Channel Timestamp, Second Bytes 406-407",
                    "address": "11195"
                },
                {
                    "dataValue": "",
                    "recordType": 3,
                    "description": "String Thermal Runaway Channel Timestamp, Second Bytes 408-409",
                    "address": "11196"
                },
                {
                    "dataValue": "",
                    "recordType": 3,
                    "description": "String Thermal Runaway Channel Timestamp, Second Bytes 410-411",
                    "address": "11197"
                },
                {
                    "dataValue": "",
                    "recordType": 3,
                    "description": "String Thermal Runaway Channel Timestamp, Second Bytes 412-413",
                    "address": "11198"
                },
                {
                    "dataValue": "",
                    "recordType": 3,
                    "description": "String Thermal Runaway Channel Timestamp, Second Bytes 414-415",
                    "address": "11199"
                },
                {
                    "dataValue": "",
                    "recordType": 3,
                    "description": "String Thermal Runaway Channel Timestamp, Second Bytes 416-417",
                    "address": "11200"
                },
                {
                    "dataValue": "",
                    "recordType": 3,
                    "description": "String Thermal Runaway Channel Timestamp, Second Bytes 418-419",
                    "address": "11201"
                },
                {
                    "dataValue": "",
                    "recordType": 3,
                    "description": "String Thermal Runaway Channel Timestamp, Second Bytes 420-421",
                    "address": "11202"
                },
                {
                    "dataValue": "",
                    "recordType": 3,
                    "description": "String Thermal Runaway Channel Timestamp, Second Bytes 422-423",
                    "address": "11203"
                },
                {
                    "dataValue": "",
                    "recordType": 3,
                    "description": "String Thermal Runaway Channel Timestamp, Second Bytes 424-425",
                    "address": "11204"
                },
                {
                    "dataValue": "",
                    "recordType": 3,
                    "description": "String Thermal Runaway Channel Timestamp, Second Bytes 426-427",
                    "address": "11205"
                },
                {
                    "dataValue": "",
                    "recordType": 3,
                    "description": "String Thermal Runaway Channel Timestamp, Second Bytes 428-429",
                    "address": "11206"
                },
                {
                    "dataValue": "",
                    "recordType": 3,
                    "description": "String Thermal Runaway Channel Timestamp, Second Bytes 430-431",
                    "address": "11207"
                },
                {
                    "dataValue": "",
                    "recordType": 3,
                    "description": "String Thermal Runaway Channel Timestamp, Second Bytes 432-433",
                    "address": "11208"
                },
                {
                    "dataValue": "",
                    "recordType": 3,
                    "description": "String Thermal Runaway Channel Timestamp, Second Bytes 434-435",
                    "address": "11209"
                },
                {
                    "dataValue": "",
                    "recordType": 3,
                    "description": "String Thermal Runaway Channel Timestamp, Second Bytes 436-437",
                    "address": "11210"
                },
                {
                    "dataValue": "",
                    "recordType": 3,
                    "description": "String Thermal Runaway Channel Timestamp, Second Bytes 438-439",
                    "address": "11211"
                },
                {
                    "dataValue": "",
                    "recordType": 3,
                    "description": "String Thermal Runaway Channel Timestamp, Second Bytes 440-441",
                    "address": "11212"
                },
                {
                    "dataValue": "",
                    "recordType": 3,
                    "description": "String Thermal Runaway Channel Timestamp, Second Bytes 442-443",
                    "address": "11213"
                },
                {
                    "dataValue": "",
                    "recordType": 3,
                    "description": "String Thermal Runaway Channel Timestamp, Second Bytes 444-445",
                    "address": "11214"
                },
                {
                    "dataValue": "",
                    "recordType": 3,
                    "description": "String Thermal Runaway Channel Timestamp, Second Bytes 446-447",
                    "address": "11215"
                },
                {
                    "dataValue": "",
                    "recordType": 3,
                    "description": "String Thermal Runaway Channel Timestamp, Second Bytes 448-449",
                    "address": "11216"
                },
                {
                    "dataValue": "",
                    "recordType": 3,
                    "description": "String Thermal Runaway Channel Timestamp, Second Bytes 450-451",
                    "address": "11217"
                },
                {
                    "dataValue": "",
                    "recordType": 3,
                    "description": "String Thermal Runaway Channel Timestamp, Second Bytes 452-453",
                    "address": "11218"
                },
                {
                    "dataValue": "",
                    "recordType": 3,
                    "description": "String Thermal Runaway Channel Timestamp, Second Bytes 454-455",
                    "address": "11219"
                },
                {
                    "dataValue": "",
                    "recordType": 3,
                    "description": "String Thermal Runaway Channel Timestamp, Second Bytes 456-457",
                    "address": "11220"
                },
                {
                    "dataValue": "",
                    "recordType": 3,
                    "description": "String Thermal Runaway Channel Timestamp, Second Bytes 458-459",
                    "address": "11221"
                },
                {
                    "dataValue": "",
                    "recordType": 3,
                    "description": "String Thermal Runaway Channel Timestamp, Second Bytes 460-461",
                    "address": "11222"
                },
                {
                    "dataValue": "",
                    "recordType": 3,
                    "description": "String Thermal Runaway Channel Timestamp, Second Bytes 462-463",
                    "address": "11223"
                },
                {
                    "dataValue": "",
                    "recordType": 3,
                    "description": "String Thermal Runaway Channel Timestamp, Second Bytes 464-465",
                    "address": "11224"
                },
                {
                    "dataValue": "",
                    "recordType": 3,
                    "description": "String Thermal Runaway Channel Timestamp, Second Bytes 466-467",
                    "address": "11225"
                },
                {
                    "dataValue": "",
                    "recordType": 3,
                    "description": "String Thermal Runaway Channel Timestamp, Second Bytes 468-469",
                    "address": "11226"
                },
                {
                    "dataValue": "",
                    "recordType": 3,
                    "description": "String Thermal Runaway Channel Timestamp, Second Bytes 470-471",
                    "address": "11227"
                },
                {
                    "dataValue": "",
                    "recordType": 3,
                    "description": "String Thermal Runaway Channel Timestamp, Second Bytes 472-473",
                    "address": "11228"
                },
                {
                    "dataValue": "",
                    "recordType": 3,
                    "description": "String Thermal Runaway Channel Timestamp, Second Bytes 474-475",
                    "address": "11229"
                },
                {
                    "dataValue": "",
                    "recordType": 3,
                    "description": "String Thermal Runaway Channel Timestamp, Second Bytes 476-477",
                    "address": "11230"
                },
                {
                    "dataValue": "",
                    "recordType": 3,
                    "description": "String Thermal Runaway Channel Timestamp, Second Bytes 478-479",
                    "address": "11231"
                },
                {
                    "dataValue": "",
                    "recordType": 3,
                    "description": "String Thermal Runaway Channel Timestamp, Second Bytes 480-481",
                    "address": "11232"
                },
                {
                    "dataValue": "",
                    "recordType": 3,
                    "description": "String Thermal Runaway Channel Timestamp, Second Bytes 482-483",
                    "address": "11233"
                },
                {
                    "dataValue": "",
                    "recordType": 3,
                    "description": "String Thermal Runaway Channel Timestamp, Second Bytes 484-485",
                    "address": "11234"
                },
                {
                    "dataValue": "",
                    "recordType": 3,
                    "description": "String Thermal Runaway Channel Timestamp, Second Bytes 486-487",
                    "address": "11235"
                },
                {
                    "dataValue": "",
                    "recordType": 3,
                    "description": "String Thermal Runaway Channel Timestamp, Second Bytes 488-489",
                    "address": "11236"
                },
                {
                    "dataValue": "",
                    "recordType": 3,
                    "description": "String Thermal Runaway Channel Timestamp, Second Bytes 490-491",
                    "address": "11237"
                },
                {
                    "dataValue": "",
                    "recordType": 3,
                    "description": "String Thermal Runaway Channel Timestamp, Second Bytes 492-493",
                    "address": "11238"
                },
                {
                    "dataValue": "",
                    "recordType": 3,
                    "description": "String Thermal Runaway Channel Timestamp, Second Bytes 494-495",
                    "address": "11239"
                },
                {
                    "dataValue": "",
                    "recordType": 3,
                    "description": "String Thermal Runaway Channel Timestamp, Second Bytes 496-497",
                    "address": "11240"
                },
                {
                    "dataValue": "",
                    "recordType": 3,
                    "description": "String Thermal Runaway Channel Timestamp, Second Bytes 498-499",
                    "address": "11241"
                },
                {
                    "dataValue": "",
                    "recordType": 3,
                    "description": "String Thermal Runaway Channel Timestamp, Second Bytes 500-501",
                    "address": "11242"
                },
                {
                    "dataValue": "",
                    "recordType": 3,
                    "description": "String Thermal Runaway Channel Timestamp, Second Bytes 502-503",
                    "address": "11243"
                },
                {
                    "dataValue": "",
                    "recordType": 3,
                    "description": "String Thermal Runaway Channel Timestamp, Second Bytes 504-505",
                    "address": "11244"
                },
                {
                    "dataValue": "",
                    "recordType": 3,
                    "description": "String Thermal Runaway Channel Timestamp, Second Bytes 506-507",
                    "address": "11245"
                },
                {
                    "dataValue": "",
                    "recordType": 3,
                    "description": "String Thermal Runaway Channel Timestamp, Second Bytes 508-509",
                    "address": "11246"
                },
                {
                    "dataValue": "",
                    "recordType": 3,
                    "description": "String Thermal Runaway Channel Timestamp, Second Bytes 510-511",
                    "address": "11247"
                }
            ]
        }
    ]
}