{
    "sequences": [
        {
            "name": "String Voltage Value 0",
            "type": 0,
            "records": [
                {
                    "dataValue": "",
                    "recordType": 3,
                    "description": "String Voltage Value Bytes 000-001",
                    "address": "3312"
                },
                {
                    "dataValue": "",
                    "recordType": 3,
                    "description": "String Voltage Value Bytes 002-003",
                    "address": "3313"
                },
                {
                    "dataValue": "",
                    "recordType": 3,
                    "description": "String Voltage Value Bytes 004-005",
                    "address": "3314"
                },
                {
                    "dataValue": "",
                    "recordType": 3,
                    "description": "String Voltage Value Bytes 006-007",
                    "address": "3315"
                },
                {
                    "dataValue": "",
                    "recordType": 3,
                    "description": "String Voltage Value Bytes 008-009",
                    "address": "3316"
                },
                {
                    "dataValue": "",
                    "recordType": 3,
                    "description": "String Voltage Value Bytes 010-011",
                    "address": "3317"
                },
                {
                    "dataValue": "",
                    "recordType": 3,
                    "description": "String Voltage Value Bytes 012-013",
                    "address": "3318"
                },
                {
                    "dataValue": "",
                    "recordType": 3,
                    "description": "String Voltage Value Bytes 014-015",
                    "address": "3319"
                },
                {
                    "dataValue": "",
                    "recordType": 3,
                    "description": "String Voltage Value Bytes 016-017",
                    "address": "3320"
                },
                {
                    "dataValue": "",
                    "recordType": 3,
                    "description": "String Voltage Value Bytes 018-019",
                    "address": "3321"
                },
                {
                    "dataValue": "",
                    "recordType": 3,
                    "description": "String Voltage Value Bytes 020-021",
                    "address": "3322"
                },
                {
                    "dataValue": "",
                    "recordType": 3,
                    "description": "String Voltage Value Bytes 022-023",
                    "address": "3323"
                },
                {
                    "dataValue": "",
                    "recordType": 3,
                    "description": "String Voltage Value Bytes 024-025",
                    "address": "3324"
                },
                {
                    "dataValue": "",
                    "recordType": 3,
                    "description": "String Voltage Value Bytes 026-027",
                    "address": "3325"
                },
                {
                    "dataValue": "",
                    "recordType": 3,
                    "description": "String Voltage Value Bytes 028-029",
                    "address": "3326"
                },
                {
                    "dataValue": "",
                    "recordType": 3,
                    "description": "String Voltage Value Bytes 030-031",
                    "address": "3327"
                },
                {
                    "dataValue": "",
                    "recordType": 3,
                    "description": "String Voltage Value Bytes 032-033",
                    "address": "3328"
                },
                {
                    "dataValue": "",
                    "recordType": 3,
                    "description": "String Voltage Value Bytes 034-035",
                    "address": "3329"
                },
                {
                    "dataValue": "",
                    "recordType": 3,
                    "description": "String Voltage Value Bytes 036-037",
                    "address": "3330"
                },
                {
                    "dataValue": "",
                    "recordType": 3,
                    "description": "String Voltage Value Bytes 038-039",
                    "address": "3331"
                },
                {
                    "dataValue": "",
                    "recordType": 3,
                    "description": "String Voltage Value Bytes 040-041",
                    "address": "3332"
                },
                {
                    "dataValue": "",
                    "recordType": 3,
                    "description": "String Voltage Value Bytes 042-043",
                    "address": "3333"
                },
                {
                    "dataValue": "",
                    "recordType": 3,
                    "description": "String Voltage Value Bytes 044-045",
                    "address": "3334"
                },
                {
                    "dataValue": "",
                    "recordType": 3,
                    "description": "String Voltage Value Bytes 046-047",
                    "address": "3335"
                },
                {
                    "dataValue": "",
                    "recordType": 3,
                    "description": "String Voltage Value Bytes 048-049",
                    "address": "3336"
                },
                {
                    "dataValue": "",
                    "recordType": 3,
                    "description": "String Voltage Value Bytes 050-051",
                    "address": "3337"
                },
                {
                    "dataValue": "",
                    "recordType": 3,
                    "description": "String Voltage Value Bytes 052-053",
                    "address": "3338"
                },
                {
                    "dataValue": "",
                    "recordType": 3,
                    "description": "String Voltage Value Bytes 054-055",
                    "address": "3339"
                },
                {
                    "dataValue": "",
                    "recordType": 3,
                    "description": "String Voltage Value Bytes 056-057",
                    "address": "3340"
                },
                {
                    "dataValue": "",
                    "recordType": 3,
                    "description": "String Voltage Value Bytes 058-059",
                    "address": "3341"
                },
                {
                    "dataValue": "",
                    "recordType": 3,
                    "description": "String Voltage Value Bytes 060-061",
                    "address": "3342"
                },
                {
                    "dataValue": "",
                    "recordType": 3,
                    "description": "String Voltage Value Bytes 062-063",
                    "address": "3343"
                },
                {
                    "dataValue": "",
                    "recordType": 3,
                    "description": "String Voltage Value Bytes 064-065",
                    "address": "3344"
                },
                {
                    "dataValue": "",
                    "recordType": 3,
                    "description": "String Voltage Value Bytes 066-067",
                    "address": "3345"
                },
                {
                    "dataValue": "",
                    "recordType": 3,
                    "description": "String Voltage Value Bytes 068-069",
                    "address": "3346"
                },
                {
                    "dataValue": "",
                    "recordType": 3,
                    "description": "String Voltage Value Bytes 070-071",
                    "address": "3347"
                },
                {
                    "dataValue": "",
                    "recordType": 3,
                    "description": "String Voltage Value Bytes 072-073",
                    "address": "3348"
                },
                {
                    "dataValue": "",
                    "recordType": 3,
                    "description": "String Voltage Value Bytes 074-075",
                    "address": "3349"
                },
                {
                    "dataValue": "",
                    "recordType": 3,
                    "description": "String Voltage Value Bytes 076-077",
                    "address": "3350"
                },
                {
                    "dataValue": "",
                    "recordType": 3,
                    "description": "String Voltage Value Bytes 078-079",
                    "address": "3351"
                },
                {
                    "dataValue": "",
                    "recordType": 3,
                    "description": "String Voltage Value Bytes 080-081",
                    "address": "3352"
                },
                {
                    "dataValue": "",
                    "recordType": 3,
                    "description": "String Voltage Value Bytes 082-083",
                    "address": "3353"
                },
                {
                    "dataValue": "",
                    "recordType": 3,
                    "description": "String Voltage Value Bytes 084-085",
                    "address": "3354"
                },
                {
                    "dataValue": "",
                    "recordType": 3,
                    "description": "String Voltage Value Bytes 086-087",
                    "address": "3355"
                },
                {
                    "dataValue": "",
                    "recordType": 3,
                    "description": "String Voltage Value Bytes 088-089",
                    "address": "3356"
                },
                {
                    "dataValue": "",
                    "recordType": 3,
                    "description": "String Voltage Value Bytes 090-091",
                    "address": "3357"
                },
                {
                    "dataValue": "",
                    "recordType": 3,
                    "description": "String Voltage Value Bytes 092-093",
                    "address": "3358"
                },
                {
                    "dataValue": "",
                    "recordType": 3,
                    "description": "String Voltage Value Bytes 094-095",
                    "address": "3359"
                },
                {
                    "dataValue": "",
                    "recordType": 3,
                    "description": "String Voltage Value Bytes 096-097",
                    "address": "3360"
                },
                {
                    "dataValue": "",
                    "recordType": 3,
                    "description": "String Voltage Value Bytes 098-099",
                    "address": "3361"
                },
                {
                    "dataValue": "",
                    "recordType": 3,
                    "description": "String Voltage Value Bytes 100-101",
                    "address": "3362"
                },
                {
                    "dataValue": "",
                    "recordType": 3,
                    "description": "String Voltage Value Bytes 102-103",
                    "address": "3363"
                },
                {
                    "dataValue": "",
                    "recordType": 3,
                    "description": "String Voltage Value Bytes 104-105",
                    "address": "3364"
                },
                {
                    "dataValue": "",
                    "recordType": 3,
                    "description": "String Voltage Value Bytes 106-107",
                    "address": "3365"
                },
                {
                    "dataValue": "",
                    "recordType": 3,
                    "description": "String Voltage Value Bytes 108-109",
                    "address": "3366"
                },
                {
                    "dataValue": "",
                    "recordType": 3,
                    "description": "String Voltage Value Bytes 110-111",
                    "address": "3367"
                },
                {
                    "dataValue": "",
                    "recordType": 3,
                    "description": "String Voltage Value Bytes 112-113",
                    "address": "3368"
                },
                {
                    "dataValue": "",
                    "recordType": 3,
                    "description": "String Voltage Value Bytes 114-115",
                    "address": "3369"
                },
                {
                    "dataValue": "",
                    "recordType": 3,
                    "description": "String Voltage Value Bytes 116-117",
                    "address": "3370"
                },
                {
                    "dataValue": "",
                    "recordType": 3,
                    "description": "String Voltage Value Bytes 118-119",
                    "address": "3371"
                },
                {
                    "dataValue": "",
                    "recordType": 3,
                    "description": "String Voltage Value Bytes 120-121",
                    "address": "3372"
                },
                {
                    "dataValue": "",
                    "recordType": 3,
                    "description": "String Voltage Value Bytes 122-123",
                    "address": "3373"
                },
                {
                    "dataValue": "",
                    "recordType": 3,
                    "description": "String Voltage Value Bytes 124-125",
                    "address": "3374"
                },
                {
                    "dataValue": "",
                    "recordType": 3,
                    "description": "String Voltage Value Bytes 126-127",
                    "address": "3375"
                },
                {
                    "dataValue": "",
                    "recordType": 3,
                    "description": "String Voltage Value Bytes 128-129",
                    "address": "3376"
                },
                {
                    "dataValue": "",
                    "recordType": 3,
                    "description": "String Voltage Value Bytes 130-131",
                    "address": "3377"
                },
                {
                    "dataValue": "",
                    "recordType": 3,
                    "description": "String Voltage Value Bytes 132-133",
                    "address": "3378"
                },
                {
                    "dataValue": "",
                    "recordType": 3,
                    "description": "String Voltage Value Bytes 134-135",
                    "address": "3379"
                },
                {
                    "dataValue": "",
                    "recordType": 3,
                    "description": "String Voltage Value Bytes 136-137",
                    "address": "3380"
                },
                {
                    "dataValue": "",
                    "recordType": 3,
                    "description": "String Voltage Value Bytes 138-139",
                    "address": "3381"
                },
                {
                    "dataValue": "",
                    "recordType": 3,
                    "description": "String Voltage Value Bytes 140-141",
                    "address": "3382"
                },
                {
                    "dataValue": "",
                    "recordType": 3,
                    "description": "String Voltage Value Bytes 142-143",
                    "address": "3383"
                },
                {
                    "dataValue": "",
                    "recordType": 3,
                    "description": "String Voltage Value Bytes 144-145",
                    "address": "3384"
                },
                {
                    "dataValue": "",
                    "recordType": 3,
                    "description": "String Voltage Value Bytes 146-147",
                    "address": "3385"
                },
                {
                    "dataValue": "",
                    "recordType": 3,
                    "description": "String Voltage Value Bytes 148-149",
                    "address": "3386"
                },
                {
                    "dataValue": "",
                    "recordType": 3,
                    "description": "String Voltage Value Bytes 150-151",
                    "address": "3387"
                },
                {
                    "dataValue": "",
                    "recordType": 3,
                    "description": "String Voltage Value Bytes 152-153",
                    "address": "3388"
                },
                {
                    "dataValue": "",
                    "recordType": 3,
                    "description": "String Voltage Value Bytes 154-155",
                    "address": "3389"
                },
                {
                    "dataValue": "",
                    "recordType": 3,
                    "description": "String Voltage Value Bytes 156-157",
                    "address": "3390"
                },
                {
                    "dataValue": "",
                    "recordType": 3,
                    "description": "String Voltage Value Bytes 158-159",
                    "address": "3391"
                },
                {
                    "dataValue": "",
                    "recordType": 3,
                    "description": "String Voltage Value Bytes 160-161",
                    "address": "3392"
                },
                {
                    "dataValue": "",
                    "recordType": 3,
                    "description": "String Voltage Value Bytes 162-163",
                    "address": "3393"
                },
                {
                    "dataValue": "",
                    "recordType": 3,
                    "description": "String Voltage Value Bytes 164-165",
                    "address": "3394"
                },
                {
                    "dataValue": "",
                    "recordType": 3,
                    "description": "String Voltage Value Bytes 166-167",
                    "address": "3395"
                },
                {
                    "dataValue": "",
                    "recordType": 3,
                    "description": "String Voltage Value Bytes 168-169",
                    "address": "3396"
                },
                {
                    "dataValue": "",
                    "recordType": 3,
                    "description": "String Voltage Value Bytes 170-171",
                    "address": "3397"
                },
                {
                    "dataValue": "",
                    "recordType": 3,
                    "description": "String Voltage Value Bytes 172-173",
                    "address": "3398"
                },
                {
                    "dataValue": "",
                    "recordType": 3,
                    "description": "String Voltage Value Bytes 174-175",
                    "address": "3399"
                },
                {
                    "dataValue": "",
                    "recordType": 3,
                    "description": "String Voltage Value Bytes 176-177",
                    "address": "3400"
                },
                {
                    "dataValue": "",
                    "recordType": 3,
                    "description": "String Voltage Value Bytes 178-179",
                    "address": "3401"
                },
                {
                    "dataValue": "",
                    "recordType": 3,
                    "description": "String Voltage Value Bytes 180-181",
                    "address": "3402"
                },
                {
                    "dataValue": "",
                    "recordType": 3,
                    "description": "String Voltage Value Bytes 182-183",
                    "address": "3403"
                },
                {
                    "dataValue": "",
                    "recordType": 3,
                    "description": "String Voltage Value Bytes 184-185",
                    "address": "3404"
                },
                {
                    "dataValue": "",
                    "recordType": 3,
                    "description": "String Voltage Value Bytes 186-187",
                    "address": "3405"
                },
                {
                    "dataValue": "",
                    "recordType": 3,
                    "description": "String Voltage Value Bytes 188-189",
                    "address": "3406"
                },
                {
                    "dataValue": "",
                    "recordType": 3,
                    "description": "String Voltage Value Bytes 190-191",
                    "address": "3407"
                },
                {
                    "dataValue": "",
                    "recordType": 3,
                    "description": "String Voltage Value Bytes 192-193",
                    "address": "3408"
                },
                {
                    "dataValue": "",
                    "recordType": 3,
                    "description": "String Voltage Value Bytes 194-195",
                    "address": "3409"
                },
                {
                    "dataValue": "",
                    "recordType": 3,
                    "description": "String Voltage Value Bytes 196-197",
                    "address": "3410"
                },
                {
                    "dataValue": "",
                    "recordType": 3,
                    "description": "String Voltage Value Bytes 198-199",
                    "address": "3411"
                }
            ]
        },
        {
            "name": "String Voltage Value 1",
            "type": 0,
            "records": [
                {
                    "dataValue": "",
                    "recordType": 3,
                    "description": "String Voltage Value Bytes 200-201",
                    "address": "3412"
                },
                {
                    "dataValue": "",
                    "recordType": 3,
                    "description": "String Voltage Value Bytes 202-203",
                    "address": "3413"
                },
                {
                    "dataValue": "",
                    "recordType": 3,
                    "description": "String Voltage Value Bytes 204-205",
                    "address": "3414"
                },
                {
                    "dataValue": "",
                    "recordType": 3,
                    "description": "String Voltage Value Bytes 206-207",
                    "address": "3415"
                },
                {
                    "dataValue": "",
                    "recordType": 3,
                    "description": "String Voltage Value Bytes 208-209",
                    "address": "3416"
                },
                {
                    "dataValue": "",
                    "recordType": 3,
                    "description": "String Voltage Value Bytes 210-211",
                    "address": "3417"
                },
                {
                    "dataValue": "",
                    "recordType": 3,
                    "description": "String Voltage Value Bytes 212-213",
                    "address": "3418"
                },
                {
                    "dataValue": "",
                    "recordType": 3,
                    "description": "String Voltage Value Bytes 214-215",
                    "address": "3419"
                },
                {
                    "dataValue": "",
                    "recordType": 3,
                    "description": "String Voltage Value Bytes 216-217",
                    "address": "3420"
                },
                {
                    "dataValue": "",
                    "recordType": 3,
                    "description": "String Voltage Value Bytes 218-219",
                    "address": "3421"
                },
                {
                    "dataValue": "",
                    "recordType": 3,
                    "description": "String Voltage Value Bytes 220-221",
                    "address": "3422"
                },
                {
                    "dataValue": "",
                    "recordType": 3,
                    "description": "String Voltage Value Bytes 222-223",
                    "address": "3423"
                },
                {
                    "dataValue": "",
                    "recordType": 3,
                    "description": "String Voltage Value Bytes 224-225",
                    "address": "3424"
                },
                {
                    "dataValue": "",
                    "recordType": 3,
                    "description": "String Voltage Value Bytes 226-227",
                    "address": "3425"
                },
                {
                    "dataValue": "",
                    "recordType": 3,
                    "description": "String Voltage Value Bytes 228-229",
                    "address": "3426"
                },
                {
                    "dataValue": "",
                    "recordType": 3,
                    "description": "String Voltage Value Bytes 230-231",
                    "address": "3427"
                },
                {
                    "dataValue": "",
                    "recordType": 3,
                    "description": "String Voltage Value Bytes 232-233",
                    "address": "3428"
                },
                {
                    "dataValue": "",
                    "recordType": 3,
                    "description": "String Voltage Value Bytes 234-235",
                    "address": "3429"
                },
                {
                    "dataValue": "",
                    "recordType": 3,
                    "description": "String Voltage Value Bytes 236-237",
                    "address": "3430"
                },
                {
                    "dataValue": "",
                    "recordType": 3,
                    "description": "String Voltage Value Bytes 238-239",
                    "address": "3431"
                },
                {
                    "dataValue": "",
                    "recordType": 3,
                    "description": "String Voltage Value Bytes 240-241",
                    "address": "3432"
                },
                {
                    "dataValue": "",
                    "recordType": 3,
                    "description": "String Voltage Value Bytes 242-243",
                    "address": "3433"
                },
                {
                    "dataValue": "",
                    "recordType": 3,
                    "description": "String Voltage Value Bytes 244-245",
                    "address": "3434"
                },
                {
                    "dataValue": "",
                    "recordType": 3,
                    "description": "String Voltage Value Bytes 246-247",
                    "address": "3435"
                },
                {
                    "dataValue": "",
                    "recordType": 3,
                    "description": "String Voltage Value Bytes 248-249",
                    "address": "3436"
                },
                {
                    "dataValue": "",
                    "recordType": 3,
                    "description": "String Voltage Value Bytes 250-251",
                    "address": "3437"
                },
                {
                    "dataValue": "",
                    "recordType": 3,
                    "description": "String Voltage Value Bytes 252-253",
                    "address": "3438"
                },
                {
                    "dataValue": "",
                    "recordType": 3,
                    "description": "String Voltage Value Bytes 254-255",
                    "address": "3439"
                },
                {
                    "dataValue": "",
                    "recordType": 3,
                    "description": "String Voltage Value Bytes 256-257",
                    "address": "3440"
                },
                {
                    "dataValue": "",
                    "recordType": 3,
                    "description": "String Voltage Value Bytes 258-259",
                    "address": "3441"
                },
                {
                    "dataValue": "",
                    "recordType": 3,
                    "description": "String Voltage Value Bytes 260-261",
                    "address": "3442"
                },
                {
                    "dataValue": "",
                    "recordType": 3,
                    "description": "String Voltage Value Bytes 262-263",
                    "address": "3443"
                },
                {
                    "dataValue": "",
                    "recordType": 3,
                    "description": "String Voltage Value Bytes 264-265",
                    "address": "3444"
                },
                {
                    "dataValue": "",
                    "recordType": 3,
                    "description": "String Voltage Value Bytes 266-267",
                    "address": "3445"
                },
                {
                    "dataValue": "",
                    "recordType": 3,
                    "description": "String Voltage Value Bytes 268-269",
                    "address": "3446"
                },
                {
                    "dataValue": "",
                    "recordType": 3,
                    "description": "String Voltage Value Bytes 270-271",
                    "address": "3447"
                },
                {
                    "dataValue": "",
                    "recordType": 3,
                    "description": "String Voltage Value Bytes 272-273",
                    "address": "3448"
                },
                {
                    "dataValue": "",
                    "recordType": 3,
                    "description": "String Voltage Value Bytes 274-275",
                    "address": "3449"
                },
                {
                    "dataValue": "",
                    "recordType": 3,
                    "description": "String Voltage Value Bytes 276-277",
                    "address": "3450"
                },
                {
                    "dataValue": "",
                    "recordType": 3,
                    "description": "String Voltage Value Bytes 278-279",
                    "address": "3451"
                },
                {
                    "dataValue": "",
                    "recordType": 3,
                    "description": "String Voltage Value Bytes 280-281",
                    "address": "3452"
                },
                {
                    "dataValue": "",
                    "recordType": 3,
                    "description": "String Voltage Value Bytes 282-283",
                    "address": "3453"
                },
                {
                    "dataValue": "",
                    "recordType": 3,
                    "description": "String Voltage Value Bytes 284-285",
                    "address": "3454"
                },
                {
                    "dataValue": "",
                    "recordType": 3,
                    "description": "String Voltage Value Bytes 286-287",
                    "address": "3455"
                },
                {
                    "dataValue": "",
                    "recordType": 3,
                    "description": "String Voltage Value Bytes 288-289",
                    "address": "3456"
                },
                {
                    "dataValue": "",
                    "recordType": 3,
                    "description": "String Voltage Value Bytes 290-291",
                    "address": "3457"
                },
                {
                    "dataValue": "",
                    "recordType": 3,
                    "description": "String Voltage Value Bytes 292-293",
                    "address": "3458"
                },
                {
                    "dataValue": "",
                    "recordType": 3,
                    "description": "String Voltage Value Bytes 294-295",
                    "address": "3459"
                },
                {
                    "dataValue": "",
                    "recordType": 3,
                    "description": "String Voltage Value Bytes 296-297",
                    "address": "3460"
                },
                {
                    "dataValue": "",
                    "recordType": 3,
                    "description": "String Voltage Value Bytes 298-299",
                    "address": "3461"
                },
                {
                    "dataValue": "",
                    "recordType": 3,
                    "description": "String Voltage Value Bytes 300-301",
                    "address": "3462"
                },
                {
                    "dataValue": "",
                    "recordType": 3,
                    "description": "String Voltage Value Bytes 302-303",
                    "address": "3463"
                },
                {
                    "dataValue": "",
                    "recordType": 3,
                    "description": "String Voltage Value Bytes 304-305",
                    "address": "3464"
                },
                {
                    "dataValue": "",
                    "recordType": 3,
                    "description": "String Voltage Value Bytes 306-307",
                    "address": "3465"
                },
                {
                    "dataValue": "",
                    "recordType": 3,
                    "description": "String Voltage Value Bytes 308-309",
                    "address": "3466"
                },
                {
                    "dataValue": "",
                    "recordType": 3,
                    "description": "String Voltage Value Bytes 310-311",
                    "address": "3467"
                },
                {
                    "dataValue": "",
                    "recordType": 3,
                    "description": "String Voltage Value Bytes 312-313",
                    "address": "3468"
                },
                {
                    "dataValue": "",
                    "recordType": 3,
                    "description": "String Voltage Value Bytes 314-315",
                    "address": "3469"
                },
                {
                    "dataValue": "",
                    "recordType": 3,
                    "description": "String Voltage Value Bytes 316-317",
                    "address": "3470"
                },
                {
                    "dataValue": "",
                    "recordType": 3,
                    "description": "String Voltage Value Bytes 318-319",
                    "address": "3471"
                },
                {
                    "dataValue": "",
                    "recordType": 3,
                    "description": "String Voltage Value Bytes 320-321",
                    "address": "3472"
                },
                {
                    "dataValue": "",
                    "recordType": 3,
                    "description": "String Voltage Value Bytes 322-323",
                    "address": "3473"
                },
                {
                    "dataValue": "",
                    "recordType": 3,
                    "description": "String Voltage Value Bytes 324-325",
                    "address": "3474"
                },
                {
                    "dataValue": "",
                    "recordType": 3,
                    "description": "String Voltage Value Bytes 326-327",
                    "address": "3475"
                },
                {
                    "dataValue": "",
                    "recordType": 3,
                    "description": "String Voltage Value Bytes 328-329",
                    "address": "3476"
                },
                {
                    "dataValue": "",
                    "recordType": 3,
                    "description": "String Voltage Value Bytes 330-331",
                    "address": "3477"
                },
                {
                    "dataValue": "",
                    "recordType": 3,
                    "description": "String Voltage Value Bytes 332-333",
                    "address": "3478"
                },
                {
                    "dataValue": "",
                    "recordType": 3,
                    "description": "String Voltage Value Bytes 334-335",
                    "address": "3479"
                },
                {
                    "dataValue": "",
                    "recordType": 3,
                    "description": "String Voltage Value Bytes 336-337",
                    "address": "3480"
                },
                {
                    "dataValue": "",
                    "recordType": 3,
                    "description": "String Voltage Value Bytes 338-339",
                    "address": "3481"
                },
                {
                    "dataValue": "",
                    "recordType": 3,
                    "description": "String Voltage Value Bytes 340-341",
                    "address": "3482"
                },
                {
                    "dataValue": "",
                    "recordType": 3,
                    "description": "String Voltage Value Bytes 342-343",
                    "address": "3483"
                },
                {
                    "dataValue": "",
                    "recordType": 3,
                    "description": "String Voltage Value Bytes 344-345",
                    "address": "3484"
                },
                {
                    "dataValue": "",
                    "recordType": 3,
                    "description": "String Voltage Value Bytes 346-347",
                    "address": "3485"
                },
                {
                    "dataValue": "",
                    "recordType": 3,
                    "description": "String Voltage Value Bytes 348-349",
                    "address": "3486"
                },
                {
                    "dataValue": "",
                    "recordType": 3,
                    "description": "String Voltage Value Bytes 350-351",
                    "address": "3487"
                },
                {
                    "dataValue": "",
                    "recordType": 3,
                    "description": "String Voltage Value Bytes 352-353",
                    "address": "3488"
                },
                {
                    "dataValue": "",
                    "recordType": 3,
                    "description": "String Voltage Value Bytes 354-355",
                    "address": "3489"
                },
                {
                    "dataValue": "",
                    "recordType": 3,
                    "description": "String Voltage Value Bytes 356-357",
                    "address": "3490"
                },
                {
                    "dataValue": "",
                    "recordType": 3,
                    "description": "String Voltage Value Bytes 358-359",
                    "address": "3491"
                },
                {
                    "dataValue": "",
                    "recordType": 3,
                    "description": "String Voltage Value Bytes 360-361",
                    "address": "3492"
                },
                {
                    "dataValue": "",
                    "recordType": 3,
                    "description": "String Voltage Value Bytes 362-363",
                    "address": "3493"
                },
                {
                    "dataValue": "",
                    "recordType": 3,
                    "description": "String Voltage Value Bytes 364-365",
                    "address": "3494"
                },
                {
                    "dataValue": "",
                    "recordType": 3,
                    "description": "String Voltage Value Bytes 366-367",
                    "address": "3495"
                },
                {
                    "dataValue": "",
                    "recordType": 3,
                    "description": "String Voltage Value Bytes 368-369",
                    "address": "3496"
                },
                {
                    "dataValue": "",
                    "recordType": 3,
                    "description": "String Voltage Value Bytes 370-371",
                    "address": "3497"
                },
                {
                    "dataValue": "",
                    "recordType": 3,
                    "description": "String Voltage Value Bytes 372-373",
                    "address": "3498"
                },
                {
                    "dataValue": "",
                    "recordType": 3,
                    "description": "String Voltage Value Bytes 374-375",
                    "address": "3499"
                },
                {
                    "dataValue": "",
                    "recordType": 3,
                    "description": "String Voltage Value Bytes 376-377",
                    "address": "3500"
                },
                {
                    "dataValue": "",
                    "recordType": 3,
                    "description": "String Voltage Value Bytes 378-379",
                    "address": "3501"
                },
                {
                    "dataValue": "",
                    "recordType": 3,
                    "description": "String Voltage Value Bytes 380-381",
                    "address": "3502"
                },
                {
                    "dataValue": "",
                    "recordType": 3,
                    "description": "String Voltage Value Bytes 382-383",
                    "address": "3503"
                },
                {
                    "dataValue": "",
                    "recordType": 3,
                    "description": "String Voltage Value Bytes 384-385",
                    "address": "3504"
                },
                {
                    "dataValue": "",
                    "recordType": 3,
                    "description": "String Voltage Value Bytes 386-387",
                    "address": "3505"
                },
                {
                    "dataValue": "",
                    "recordType": 3,
                    "description": "String Voltage Value Bytes 388-389",
                    "address": "3506"
                },
                {
                    "dataValue": "",
                    "recordType": 3,
                    "description": "String Voltage Value Bytes 390-391",
                    "address": "3507"
                },
                {
                    "dataValue": "",
                    "recordType": 3,
                    "description": "String Voltage Value Bytes 392-393",
                    "address": "3508"
                },
                {
                    "dataValue": "",
                    "recordType": 3,
                    "description": "String Voltage Value Bytes 394-395",
                    "address": "3509"
                },
                {
                    "dataValue": "",
                    "recordType": 3,
                    "description": "String Voltage Value Bytes 396-397",
                    "address": "3510"
                },
                {
                    "dataValue": "",
                    "recordType": 3,
                    "description": "String Voltage Value Bytes 398-399",
                    "address": "3511"
                }
            ]
        },
        {
            "name": "String Voltage Value 2",
            "type": 0,
            "records": [
                {
                    "dataValue": "",
                    "recordType": 3,
                    "description": "String Voltage Value Bytes 400-401",
                    "address": "3512"
                },
                {
                    "dataValue": "",
                    "recordType": 3,
                    "description": "String Voltage Value Bytes 402-403",
                    "address": "3513"
                },
                {
                    "dataValue": "",
                    "recordType": 3,
                    "description": "String Voltage Value Bytes 404-405",
                    "address": "3514"
                },
                {
                    "dataValue": "",
                    "recordType": 3,
                    "description": "String Voltage Value Bytes 406-407",
                    "address": "3515"
                },
                {
                    "dataValue": "",
                    "recordType": 3,
                    "description": "String Voltage Value Bytes 408-409",
                    "address": "3516"
                },
                {
                    "dataValue": "",
                    "recordType": 3,
                    "description": "String Voltage Value Bytes 410-411",
                    "address": "3517"
                },
                {
                    "dataValue": "",
                    "recordType": 3,
                    "description": "String Voltage Value Bytes 412-413",
                    "address": "3518"
                },
                {
                    "dataValue": "",
                    "recordType": 3,
                    "description": "String Voltage Value Bytes 414-415",
                    "address": "3519"
                },
                {
                    "dataValue": "",
                    "recordType": 3,
                    "description": "String Voltage Value Bytes 416-417",
                    "address": "3520"
                },
                {
                    "dataValue": "",
                    "recordType": 3,
                    "description": "String Voltage Value Bytes 418-419",
                    "address": "3521"
                },
                {
                    "dataValue": "",
                    "recordType": 3,
                    "description": "String Voltage Value Bytes 420-421",
                    "address": "3522"
                },
                {
                    "dataValue": "",
                    "recordType": 3,
                    "description": "String Voltage Value Bytes 422-423",
                    "address": "3523"
                },
                {
                    "dataValue": "",
                    "recordType": 3,
                    "description": "String Voltage Value Bytes 424-425",
                    "address": "3524"
                },
                {
                    "dataValue": "",
                    "recordType": 3,
                    "description": "String Voltage Value Bytes 426-427",
                    "address": "3525"
                },
                {
                    "dataValue": "",
                    "recordType": 3,
                    "description": "String Voltage Value Bytes 428-429",
                    "address": "3526"
                },
                {
                    "dataValue": "",
                    "recordType": 3,
                    "description": "String Voltage Value Bytes 430-431",
                    "address": "3527"
                },
                {
                    "dataValue": "",
                    "recordType": 3,
                    "description": "String Voltage Value Bytes 432-433",
                    "address": "3528"
                },
                {
                    "dataValue": "",
                    "recordType": 3,
                    "description": "String Voltage Value Bytes 434-435",
                    "address": "3529"
                },
                {
                    "dataValue": "",
                    "recordType": 3,
                    "description": "String Voltage Value Bytes 436-437",
                    "address": "3530"
                },
                {
                    "dataValue": "",
                    "recordType": 3,
                    "description": "String Voltage Value Bytes 438-439",
                    "address": "3531"
                },
                {
                    "dataValue": "",
                    "recordType": 3,
                    "description": "String Voltage Value Bytes 440-441",
                    "address": "3532"
                },
                {
                    "dataValue": "",
                    "recordType": 3,
                    "description": "String Voltage Value Bytes 442-443",
                    "address": "3533"
                },
                {
                    "dataValue": "",
                    "recordType": 3,
                    "description": "String Voltage Value Bytes 444-445",
                    "address": "3534"
                },
                {
                    "dataValue": "",
                    "recordType": 3,
                    "description": "String Voltage Value Bytes 446-447",
                    "address": "3535"
                },
                {
                    "dataValue": "",
                    "recordType": 3,
                    "description": "String Voltage Value Bytes 448-449",
                    "address": "3536"
                },
                {
                    "dataValue": "",
                    "recordType": 3,
                    "description": "String Voltage Value Bytes 450-451",
                    "address": "3537"
                },
                {
                    "dataValue": "",
                    "recordType": 3,
                    "description": "String Voltage Value Bytes 452-453",
                    "address": "3538"
                },
                {
                    "dataValue": "",
                    "recordType": 3,
                    "description": "String Voltage Value Bytes 454-455",
                    "address": "3539"
                },
                {
                    "dataValue": "",
                    "recordType": 3,
                    "description": "String Voltage Value Bytes 456-457",
                    "address": "3540"
                },
                {
                    "dataValue": "",
                    "recordType": 3,
                    "description": "String Voltage Value Bytes 458-459",
                    "address": "3541"
                },
                {
                    "dataValue": "",
                    "recordType": 3,
                    "description": "String Voltage Value Bytes 460-461",
                    "address": "3542"
                },
                {
                    "dataValue": "",
                    "recordType": 3,
                    "description": "String Voltage Value Bytes 462-463",
                    "address": "3543"
                },
                {
                    "dataValue": "",
                    "recordType": 3,
                    "description": "String Voltage Value Bytes 464-465",
                    "address": "3544"
                },
                {
                    "dataValue": "",
                    "recordType": 3,
                    "description": "String Voltage Value Bytes 466-467",
                    "address": "3545"
                },
                {
                    "dataValue": "",
                    "recordType": 3,
                    "description": "String Voltage Value Bytes 468-469",
                    "address": "3546"
                },
                {
                    "dataValue": "",
                    "recordType": 3,
                    "description": "String Voltage Value Bytes 470-471",
                    "address": "3547"
                },
                {
                    "dataValue": "",
                    "recordType": 3,
                    "description": "String Voltage Value Bytes 472-473",
                    "address": "3548"
                },
                {
                    "dataValue": "",
                    "recordType": 3,
                    "description": "String Voltage Value Bytes 474-475",
                    "address": "3549"
                },
                {
                    "dataValue": "",
                    "recordType": 3,
                    "description": "String Voltage Value Bytes 476-477",
                    "address": "3550"
                },
                {
                    "dataValue": "",
                    "recordType": 3,
                    "description": "String Voltage Value Bytes 478-479",
                    "address": "3551"
                },
                {
                    "dataValue": "",
                    "recordType": 3,
                    "description": "String Voltage Value Bytes 480-481",
                    "address": "3552"
                },
                {
                    "dataValue": "",
                    "recordType": 3,
                    "description": "String Voltage Value Bytes 482-483",
                    "address": "3553"
                },
                {
                    "dataValue": "",
                    "recordType": 3,
                    "description": "String Voltage Value Bytes 484-485",
                    "address": "3554"
                },
                {
                    "dataValue": "",
                    "recordType": 3,
                    "description": "String Voltage Value Bytes 486-487",
                    "address": "3555"
                },
                {
                    "dataValue": "",
                    "recordType": 3,
                    "description": "String Voltage Value Bytes 488-489",
                    "address": "3556"
                },
                {
                    "dataValue": "",
                    "recordType": 3,
                    "description": "String Voltage Value Bytes 490-491",
                    "address": "3557"
                },
                {
                    "dataValue": "",
                    "recordType": 3,
                    "description": "String Voltage Value Bytes 492-493",
                    "address": "3558"
                },
                {
                    "dataValue": "",
                    "recordType": 3,
                    "description": "String Voltage Value Bytes 494-495",
                    "address": "3559"
                },
                {
                    "dataValue": "",
                    "recordType": 3,
                    "description": "String Voltage Value Bytes 496-497",
                    "address": "3560"
                },
                {
                    "dataValue": "",
                    "recordType": 3,
                    "description": "String Voltage Value Bytes 498-499",
                    "address": "3561"
                },
                {
                    "dataValue": "",
                    "recordType": 3,
                    "description": "String Voltage Value Bytes 500-501",
                    "address": "3562"
                },
                {
                    "dataValue": "",
                    "recordType": 3,
                    "description": "String Voltage Value Bytes 502-503",
                    "address": "3563"
                },
                {
                    "dataValue": "",
                    "recordType": 3,
                    "description": "String Voltage Value Bytes 504-505",
                    "address": "3564"
                },
                {
                    "dataValue": "",
                    "recordType": 3,
                    "description": "String Voltage Value Bytes 506-507",
                    "address": "3565"
                },
                {
                    "dataValue": "",
                    "recordType": 3,
                    "description": "String Voltage Value Bytes 508-509",
                    "address": "3566"
                },
                {
                    "dataValue": "",
                    "recordType": 3,
                    "description": "String Voltage Value Bytes 510-511",
                    "address": "3567"
                }
            ]
        }
    ]
}