{
    "sequences": [
        {
            "type": 0,
            "name": "String Temperature (DCM) Status 0",
            "records": [
                {
                    "recordType": 3,
                    "address": "42033",
                    "description": "String Temperature (DCM) Status Bytes 000-001",
                    "dataValue": ""
                },
                {
                    "recordType": 3,
                    "address": "42034",
                    "description": "String Temperature (DCM) Status Bytes 002-003",
                    "dataValue": ""
                },
                {
                    "recordType": 3,
                    "address": "42035",
                    "description": "String Temperature (DCM) Status Bytes 004-005",
                    "dataValue": ""
                },
                {
                    "recordType": 3,
                    "address": "42036",
                    "description": "String Temperature (DCM) Status Bytes 006-007",
                    "dataValue": ""
                },
                {
                    "recordType": 3,
                    "address": "42037",
                    "description": "String Temperature (DCM) Status Bytes 008-009",
                    "dataValue": ""
                },
                {
                    "recordType": 3,
                    "address": "42038",
                    "description": "String Temperature (DCM) Status Bytes 010-011",
                    "dataValue": ""
                },
                {
                    "recordType": 3,
                    "address": "42039",
                    "description": "String Temperature (DCM) Status Bytes 012-013",
                    "dataValue": ""
                },
                {
                    "recordType": 3,
                    "address": "42040",
                    "description": "String Temperature (DCM) Status Bytes 014-015",
                    "dataValue": ""
                },
                {
                    "recordType": 3,
                    "address": "42041",
                    "description": "String Temperature (DCM) Status Bytes 016-017",
                    "dataValue": ""
                },
                {
                    "recordType": 3,
                    "address": "42042",
                    "description": "String Temperature (DCM) Status Bytes 018-019",
                    "dataValue": ""
                },
                {
                    "recordType": 3,
                    "address": "42043",
                    "description": "String Temperature (DCM) Status Bytes 020-021",
                    "dataValue": ""
                },
                {
                    "recordType": 3,
                    "address": "42044",
                    "description": "String Temperature (DCM) Status Bytes 022-023",
                    "dataValue": ""
                },
                {
                    "recordType": 3,
                    "address": "42045",
                    "description": "String Temperature (DCM) Status Bytes 024-025",
                    "dataValue": ""
                },
                {
                    "recordType": 3,
                    "address": "42046",
                    "description": "String Temperature (DCM) Status Bytes 026-027",
                    "dataValue": ""
                },
                {
                    "recordType": 3,
                    "address": "42047",
                    "description": "String Temperature (DCM) Status Bytes 028-029",
                    "dataValue": ""
                },
                {
                    "recordType": 3,
                    "address": "42048",
                    "description": "String Temperature (DCM) Status Bytes 030-031",
                    "dataValue": ""
                },
                {
                    "recordType": 3,
                    "address": "42049",
                    "description": "String Temperature (DCM) Status Bytes 032-033",
                    "dataValue": ""
                },
                {
                    "recordType": 3,
                    "address": "42050",
                    "description": "String Temperature (DCM) Status Bytes 034-035",
                    "dataValue": ""
                },
                {
                    "recordType": 3,
                    "address": "42051",
                    "description": "String Temperature (DCM) Status Bytes 036-037",
                    "dataValue": ""
                },
                {
                    "recordType": 3,
                    "address": "42052",
                    "description": "String Temperature (DCM) Status Bytes 038-039",
                    "dataValue": ""
                },
                {
                    "recordType": 3,
                    "address": "42053",
                    "description": "String Temperature (DCM) Status Bytes 040-041",
                    "dataValue": ""
                },
                {
                    "recordType": 3,
                    "address": "42054",
                    "description": "String Temperature (DCM) Status Bytes 042-043",
                    "dataValue": ""
                },
                {
                    "recordType": 3,
                    "address": "42055",
                    "description": "String Temperature (DCM) Status Bytes 044-045",
                    "dataValue": ""
                },
                {
                    "recordType": 3,
                    "address": "42056",
                    "description": "String Temperature (DCM) Status Bytes 046-047",
                    "dataValue": ""
                },
                {
                    "recordType": 3,
                    "address": "42057",
                    "description": "String Temperature (DCM) Status Bytes 048-049",
                    "dataValue": ""
                },
                {
                    "recordType": 3,
                    "address": "42058",
                    "description": "String Temperature (DCM) Status Bytes 050-051",
                    "dataValue": ""
                },
                {
                    "recordType": 3,
                    "address": "42059",
                    "description": "String Temperature (DCM) Status Bytes 052-053",
                    "dataValue": ""
                },
                {
                    "recordType": 3,
                    "address": "42060",
                    "description": "String Temperature (DCM) Status Bytes 054-055",
                    "dataValue": ""
                },
                {
                    "recordType": 3,
                    "address": "42061",
                    "description": "String Temperature (DCM) Status Bytes 056-057",
                    "dataValue": ""
                },
                {
                    "recordType": 3,
                    "address": "42062",
                    "description": "String Temperature (DCM) Status Bytes 058-059",
                    "dataValue": ""
                },
                {
                    "recordType": 3,
                    "address": "42063",
                    "description": "String Temperature (DCM) Status Bytes 060-061",
                    "dataValue": ""
                },
                {
                    "recordType": 3,
                    "address": "42064",
                    "description": "String Temperature (DCM) Status Bytes 062-063",
                    "dataValue": ""
                },
                {
                    "recordType": 3,
                    "address": "42065",
                    "description": "String Temperature (DCM) Status Bytes 064-065",
                    "dataValue": ""
                },
                {
                    "recordType": 3,
                    "address": "42066",
                    "description": "String Temperature (DCM) Status Bytes 066-067",
                    "dataValue": ""
                },
                {
                    "recordType": 3,
                    "address": "42067",
                    "description": "String Temperature (DCM) Status Bytes 068-069",
                    "dataValue": ""
                },
                {
                    "recordType": 3,
                    "address": "42068",
                    "description": "String Temperature (DCM) Status Bytes 070-071",
                    "dataValue": ""
                },
                {
                    "recordType": 3,
                    "address": "42069",
                    "description": "String Temperature (DCM) Status Bytes 072-073",
                    "dataValue": ""
                },
                {
                    "recordType": 3,
                    "address": "42070",
                    "description": "String Temperature (DCM) Status Bytes 074-075",
                    "dataValue": ""
                },
                {
                    "recordType": 3,
                    "address": "42071",
                    "description": "String Temperature (DCM) Status Bytes 076-077",
                    "dataValue": ""
                },
                {
                    "recordType": 3,
                    "address": "42072",
                    "description": "String Temperature (DCM) Status Bytes 078-079",
                    "dataValue": ""
                },
                {
                    "recordType": 3,
                    "address": "42073",
                    "description": "String Temperature (DCM) Status Bytes 080-081",
                    "dataValue": ""
                },
                {
                    "recordType": 3,
                    "address": "42074",
                    "description": "String Temperature (DCM) Status Bytes 082-083",
                    "dataValue": ""
                },
                {
                    "recordType": 3,
                    "address": "42075",
                    "description": "String Temperature (DCM) Status Bytes 084-085",
                    "dataValue": ""
                },
                {
                    "recordType": 3,
                    "address": "42076",
                    "description": "String Temperature (DCM) Status Bytes 086-087",
                    "dataValue": ""
                },
                {
                    "recordType": 3,
                    "address": "42077",
                    "description": "String Temperature (DCM) Status Bytes 088-089",
                    "dataValue": ""
                },
                {
                    "recordType": 3,
                    "address": "42078",
                    "description": "String Temperature (DCM) Status Bytes 090-091",
                    "dataValue": ""
                },
                {
                    "recordType": 3,
                    "address": "42079",
                    "description": "String Temperature (DCM) Status Bytes 092-093",
                    "dataValue": ""
                },
                {
                    "recordType": 3,
                    "address": "42080",
                    "description": "String Temperature (DCM) Status Bytes 094-095",
                    "dataValue": ""
                },
                {
                    "recordType": 3,
                    "address": "42081",
                    "description": "String Temperature (DCM) Status Bytes 096-097",
                    "dataValue": ""
                },
                {
                    "recordType": 3,
                    "address": "42082",
                    "description": "String Temperature (DCM) Status Bytes 098-099",
                    "dataValue": ""
                },
                {
                    "recordType": 3,
                    "address": "42083",
                    "description": "String Temperature (DCM) Status Bytes 100-101",
                    "dataValue": ""
                },
                {
                    "recordType": 3,
                    "address": "42084",
                    "description": "String Temperature (DCM) Status Bytes 102-103",
                    "dataValue": ""
                },
                {
                    "recordType": 3,
                    "address": "42085",
                    "description": "String Temperature (DCM) Status Bytes 104-105",
                    "dataValue": ""
                },
                {
                    "recordType": 3,
                    "address": "42086",
                    "description": "String Temperature (DCM) Status Bytes 106-107",
                    "dataValue": ""
                },
                {
                    "recordType": 3,
                    "address": "42087",
                    "description": "String Temperature (DCM) Status Bytes 108-109",
                    "dataValue": ""
                },
                {
                    "recordType": 3,
                    "address": "42088",
                    "description": "String Temperature (DCM) Status Bytes 110-111",
                    "dataValue": ""
                },
                {
                    "recordType": 3,
                    "address": "42089",
                    "description": "String Temperature (DCM) Status Bytes 112-113",
                    "dataValue": ""
                },
                {
                    "recordType": 3,
                    "address": "42090",
                    "description": "String Temperature (DCM) Status Bytes 114-115",
                    "dataValue": ""
                },
                {
                    "recordType": 3,
                    "address": "42091",
                    "description": "String Temperature (DCM) Status Bytes 116-117",
                    "dataValue": ""
                },
                {
                    "recordType": 3,
                    "address": "42092",
                    "description": "String Temperature (DCM) Status Bytes 118-119",
                    "dataValue": ""
                },
                {
                    "recordType": 3,
                    "address": "42093",
                    "description": "String Temperature (DCM) Status Bytes 120-121",
                    "dataValue": ""
                },
                {
                    "recordType": 3,
                    "address": "42094",
                    "description": "String Temperature (DCM) Status Bytes 122-123",
                    "dataValue": ""
                },
                {
                    "recordType": 3,
                    "address": "42095",
                    "description": "String Temperature (DCM) Status Bytes 124-125",
                    "dataValue": ""
                },
                {
                    "recordType": 3,
                    "address": "42096",
                    "description": "String Temperature (DCM) Status Bytes 126-127",
                    "dataValue": ""
                },
                {
                    "recordType": 3,
                    "address": "42097",
                    "description": "String Temperature (DCM) Status Bytes 128-129",
                    "dataValue": ""
                },
                {
                    "recordType": 3,
                    "address": "42098",
                    "description": "String Temperature (DCM) Status Bytes 130-131",
                    "dataValue": ""
                },
                {
                    "recordType": 3,
                    "address": "42099",
                    "description": "String Temperature (DCM) Status Bytes 132-133",
                    "dataValue": ""
                },
                {
                    "recordType": 3,
                    "address": "42100",
                    "description": "String Temperature (DCM) Status Bytes 134-135",
                    "dataValue": ""
                },
                {
                    "recordType": 3,
                    "address": "42101",
                    "description": "String Temperature (DCM) Status Bytes 136-137",
                    "dataValue": ""
                },
                {
                    "recordType": 3,
                    "address": "42102",
                    "description": "String Temperature (DCM) Status Bytes 138-139",
                    "dataValue": ""
                },
                {
                    "recordType": 3,
                    "address": "42103",
                    "description": "String Temperature (DCM) Status Bytes 140-141",
                    "dataValue": ""
                },
                {
                    "recordType": 3,
                    "address": "42104",
                    "description": "String Temperature (DCM) Status Bytes 142-143",
                    "dataValue": ""
                },
                {
                    "recordType": 3,
                    "address": "42105",
                    "description": "String Temperature (DCM) Status Bytes 144-145",
                    "dataValue": ""
                },
                {
                    "recordType": 3,
                    "address": "42106",
                    "description": "String Temperature (DCM) Status Bytes 146-147",
                    "dataValue": ""
                },
                {
                    "recordType": 3,
                    "address": "42107",
                    "description": "String Temperature (DCM) Status Bytes 148-149",
                    "dataValue": ""
                },
                {
                    "recordType": 3,
                    "address": "42108",
                    "description": "String Temperature (DCM) Status Bytes 150-151",
                    "dataValue": ""
                },
                {
                    "recordType": 3,
                    "address": "42109",
                    "description": "String Temperature (DCM) Status Bytes 152-153",
                    "dataValue": ""
                },
                {
                    "recordType": 3,
                    "address": "42110",
                    "description": "String Temperature (DCM) Status Bytes 154-155",
                    "dataValue": ""
                },
                {
                    "recordType": 3,
                    "address": "42111",
                    "description": "String Temperature (DCM) Status Bytes 156-157",
                    "dataValue": ""
                },
                {
                    "recordType": 3,
                    "address": "42112",
                    "description": "String Temperature (DCM) Status Bytes 158-159",
                    "dataValue": ""
                },
                {
                    "recordType": 3,
                    "address": "42113",
                    "description": "String Temperature (DCM) Status Bytes 160-161",
                    "dataValue": ""
                },
                {
                    "recordType": 3,
                    "address": "42114",
                    "description": "String Temperature (DCM) Status Bytes 162-163",
                    "dataValue": ""
                },
                {
                    "recordType": 3,
                    "address": "42115",
                    "description": "String Temperature (DCM) Status Bytes 164-165",
                    "dataValue": ""
                },
                {
                    "recordType": 3,
                    "address": "42116",
                    "description": "String Temperature (DCM) Status Bytes 166-167",
                    "dataValue": ""
                },
                {
                    "recordType": 3,
                    "address": "42117",
                    "description": "String Temperature (DCM) Status Bytes 168-169",
                    "dataValue": ""
                },
                {
                    "recordType": 3,
                    "address": "42118",
                    "description": "String Temperature (DCM) Status Bytes 170-171",
                    "dataValue": ""
                },
                {
                    "recordType": 3,
                    "address": "42119",
                    "description": "String Temperature (DCM) Status Bytes 172-173",
                    "dataValue": ""
                },
                {
                    "recordType": 3,
                    "address": "42120",
                    "description": "String Temperature (DCM) Status Bytes 174-175",
                    "dataValue": ""
                },
                {
                    "recordType": 3,
                    "address": "42121",
                    "description": "String Temperature (DCM) Status Bytes 176-177",
                    "dataValue": ""
                },
                {
                    "recordType": 3,
                    "address": "42122",
                    "description": "String Temperature (DCM) Status Bytes 178-179",
                    "dataValue": ""
                },
                {
                    "recordType": 3,
                    "address": "42123",
                    "description": "String Temperature (DCM) Status Bytes 180-181",
                    "dataValue": ""
                },
                {
                    "recordType": 3,
                    "address": "42124",
                    "description": "String Temperature (DCM) Status Bytes 182-183",
                    "dataValue": ""
                },
                {
                    "recordType": 3,
                    "address": "42125",
                    "description": "String Temperature (DCM) Status Bytes 184-185",
                    "dataValue": ""
                },
                {
                    "recordType": 3,
                    "address": "42126",
                    "description": "String Temperature (DCM) Status Bytes 186-187",
                    "dataValue": ""
                },
                {
                    "recordType": 3,
                    "address": "42127",
                    "description": "String Temperature (DCM) Status Bytes 188-189",
                    "dataValue": ""
                },
                {
                    "recordType": 3,
                    "address": "42128",
                    "description": "String Temperature (DCM) Status Bytes 190-191",
                    "dataValue": ""
                },
                {
                    "recordType": 3,
                    "address": "42129",
                    "description": "String Temperature (DCM) Status Bytes 192-193",
                    "dataValue": ""
                },
                {
                    "recordType": 3,
                    "address": "42130",
                    "description": "String Temperature (DCM) Status Bytes 194-195",
                    "dataValue": ""
                },
                {
                    "recordType": 3,
                    "address": "42131",
                    "description": "String Temperature (DCM) Status Bytes 196-197",
                    "dataValue": ""
                },
                {
                    "recordType": 3,
                    "address": "42132",
                    "description": "String Temperature (DCM) Status Bytes 198-199",
                    "dataValue": ""
                }
            ]
        },
        {
            "type": 0,
            "name": "String Temperature (DCM) Status 1",
            "records": [
                {
                    "recordType": 3,
                    "address": "42133",
                    "description": "String Temperature (DCM) Status Bytes 200-201",
                    "dataValue": ""
                },
                {
                    "recordType": 3,
                    "address": "42134",
                    "description": "String Temperature (DCM) Status Bytes 202-203",
                    "dataValue": ""
                },
                {
                    "recordType": 3,
                    "address": "42135",
                    "description": "String Temperature (DCM) Status Bytes 204-205",
                    "dataValue": ""
                },
                {
                    "recordType": 3,
                    "address": "42136",
                    "description": "String Temperature (DCM) Status Bytes 206-207",
                    "dataValue": ""
                },
                {
                    "recordType": 3,
                    "address": "42137",
                    "description": "String Temperature (DCM) Status Bytes 208-209",
                    "dataValue": ""
                },
                {
                    "recordType": 3,
                    "address": "42138",
                    "description": "String Temperature (DCM) Status Bytes 210-211",
                    "dataValue": ""
                },
                {
                    "recordType": 3,
                    "address": "42139",
                    "description": "String Temperature (DCM) Status Bytes 212-213",
                    "dataValue": ""
                },
                {
                    "recordType": 3,
                    "address": "42140",
                    "description": "String Temperature (DCM) Status Bytes 214-215",
                    "dataValue": ""
                },
                {
                    "recordType": 3,
                    "address": "42141",
                    "description": "String Temperature (DCM) Status Bytes 216-217",
                    "dataValue": ""
                },
                {
                    "recordType": 3,
                    "address": "42142",
                    "description": "String Temperature (DCM) Status Bytes 218-219",
                    "dataValue": ""
                },
                {
                    "recordType": 3,
                    "address": "42143",
                    "description": "String Temperature (DCM) Status Bytes 220-221",
                    "dataValue": ""
                },
                {
                    "recordType": 3,
                    "address": "42144",
                    "description": "String Temperature (DCM) Status Bytes 222-223",
                    "dataValue": ""
                },
                {
                    "recordType": 3,
                    "address": "42145",
                    "description": "String Temperature (DCM) Status Bytes 224-225",
                    "dataValue": ""
                },
                {
                    "recordType": 3,
                    "address": "42146",
                    "description": "String Temperature (DCM) Status Bytes 226-227",
                    "dataValue": ""
                },
                {
                    "recordType": 3,
                    "address": "42147",
                    "description": "String Temperature (DCM) Status Bytes 228-229",
                    "dataValue": ""
                },
                {
                    "recordType": 3,
                    "address": "42148",
                    "description": "String Temperature (DCM) Status Bytes 230-231",
                    "dataValue": ""
                },
                {
                    "recordType": 3,
                    "address": "42149",
                    "description": "String Temperature (DCM) Status Bytes 232-233",
                    "dataValue": ""
                },
                {
                    "recordType": 3,
                    "address": "42150",
                    "description": "String Temperature (DCM) Status Bytes 234-235",
                    "dataValue": ""
                },
                {
                    "recordType": 3,
                    "address": "42151",
                    "description": "String Temperature (DCM) Status Bytes 236-237",
                    "dataValue": ""
                },
                {
                    "recordType": 3,
                    "address": "42152",
                    "description": "String Temperature (DCM) Status Bytes 238-239",
                    "dataValue": ""
                },
                {
                    "recordType": 3,
                    "address": "42153",
                    "description": "String Temperature (DCM) Status Bytes 240-241",
                    "dataValue": ""
                },
                {
                    "recordType": 3,
                    "address": "42154",
                    "description": "String Temperature (DCM) Status Bytes 242-243",
                    "dataValue": ""
                },
                {
                    "recordType": 3,
                    "address": "42155",
                    "description": "String Temperature (DCM) Status Bytes 244-245",
                    "dataValue": ""
                },
                {
                    "recordType": 3,
                    "address": "42156",
                    "description": "String Temperature (DCM) Status Bytes 246-247",
                    "dataValue": ""
                },
                {
                    "recordType": 3,
                    "address": "42157",
                    "description": "String Temperature (DCM) Status Bytes 248-249",
                    "dataValue": ""
                },
                {
                    "recordType": 3,
                    "address": "42158",
                    "description": "String Temperature (DCM) Status Bytes 250-251",
                    "dataValue": ""
                },
                {
                    "recordType": 3,
                    "address": "42159",
                    "description": "String Temperature (DCM) Status Bytes 252-253",
                    "dataValue": ""
                },
                {
                    "recordType": 3,
                    "address": "42160",
                    "description": "String Temperature (DCM) Status Bytes 254-255",
                    "dataValue": ""
                },
                {
                    "recordType": 3,
                    "address": "42161",
                    "description": "String Temperature (DCM) Status Bytes 256-257",
                    "dataValue": ""
                },
                {
                    "recordType": 3,
                    "address": "42162",
                    "description": "String Temperature (DCM) Status Bytes 258-259",
                    "dataValue": ""
                },
                {
                    "recordType": 3,
                    "address": "42163",
                    "description": "String Temperature (DCM) Status Bytes 260-261",
                    "dataValue": ""
                },
                {
                    "recordType": 3,
                    "address": "42164",
                    "description": "String Temperature (DCM) Status Bytes 262-263",
                    "dataValue": ""
                },
                {
                    "recordType": 3,
                    "address": "42165",
                    "description": "String Temperature (DCM) Status Bytes 264-265",
                    "dataValue": ""
                },
                {
                    "recordType": 3,
                    "address": "42166",
                    "description": "String Temperature (DCM) Status Bytes 266-267",
                    "dataValue": ""
                },
                {
                    "recordType": 3,
                    "address": "42167",
                    "description": "String Temperature (DCM) Status Bytes 268-269",
                    "dataValue": ""
                },
                {
                    "recordType": 3,
                    "address": "42168",
                    "description": "String Temperature (DCM) Status Bytes 270-271",
                    "dataValue": ""
                },
                {
                    "recordType": 3,
                    "address": "42169",
                    "description": "String Temperature (DCM) Status Bytes 272-273",
                    "dataValue": ""
                },
                {
                    "recordType": 3,
                    "address": "42170",
                    "description": "String Temperature (DCM) Status Bytes 274-275",
                    "dataValue": ""
                },
                {
                    "recordType": 3,
                    "address": "42171",
                    "description": "String Temperature (DCM) Status Bytes 276-277",
                    "dataValue": ""
                },
                {
                    "recordType": 3,
                    "address": "42172",
                    "description": "String Temperature (DCM) Status Bytes 278-279",
                    "dataValue": ""
                },
                {
                    "recordType": 3,
                    "address": "42173",
                    "description": "String Temperature (DCM) Status Bytes 280-281",
                    "dataValue": ""
                },
                {
                    "recordType": 3,
                    "address": "42174",
                    "description": "String Temperature (DCM) Status Bytes 282-283",
                    "dataValue": ""
                },
                {
                    "recordType": 3,
                    "address": "42175",
                    "description": "String Temperature (DCM) Status Bytes 284-285",
                    "dataValue": ""
                },
                {
                    "recordType": 3,
                    "address": "42176",
                    "description": "String Temperature (DCM) Status Bytes 286-287",
                    "dataValue": ""
                },
                {
                    "recordType": 3,
                    "address": "42177",
                    "description": "String Temperature (DCM) Status Bytes 288-289",
                    "dataValue": ""
                },
                {
                    "recordType": 3,
                    "address": "42178",
                    "description": "String Temperature (DCM) Status Bytes 290-291",
                    "dataValue": ""
                },
                {
                    "recordType": 3,
                    "address": "42179",
                    "description": "String Temperature (DCM) Status Bytes 292-293",
                    "dataValue": ""
                },
                {
                    "recordType": 3,
                    "address": "42180",
                    "description": "String Temperature (DCM) Status Bytes 294-295",
                    "dataValue": ""
                },
                {
                    "recordType": 3,
                    "address": "42181",
                    "description": "String Temperature (DCM) Status Bytes 296-297",
                    "dataValue": ""
                },
                {
                    "recordType": 3,
                    "address": "42182",
                    "description": "String Temperature (DCM) Status Bytes 298-299",
                    "dataValue": ""
                },
                {
                    "recordType": 3,
                    "address": "42183",
                    "description": "String Temperature (DCM) Status Bytes 300-301",
                    "dataValue": ""
                },
                {
                    "recordType": 3,
                    "address": "42184",
                    "description": "String Temperature (DCM) Status Bytes 302-303",
                    "dataValue": ""
                },
                {
                    "recordType": 3,
                    "address": "42185",
                    "description": "String Temperature (DCM) Status Bytes 304-305",
                    "dataValue": ""
                },
                {
                    "recordType": 3,
                    "address": "42186",
                    "description": "String Temperature (DCM) Status Bytes 306-307",
                    "dataValue": ""
                },
                {
                    "recordType": 3,
                    "address": "42187",
                    "description": "String Temperature (DCM) Status Bytes 308-309",
                    "dataValue": ""
                },
                {
                    "recordType": 3,
                    "address": "42188",
                    "description": "String Temperature (DCM) Status Bytes 310-311",
                    "dataValue": ""
                },
                {
                    "recordType": 3,
                    "address": "42189",
                    "description": "String Temperature (DCM) Status Bytes 312-313",
                    "dataValue": ""
                },
                {
                    "recordType": 3,
                    "address": "42190",
                    "description": "String Temperature (DCM) Status Bytes 314-315",
                    "dataValue": ""
                },
                {
                    "recordType": 3,
                    "address": "42191",
                    "description": "String Temperature (DCM) Status Bytes 316-317",
                    "dataValue": ""
                },
                {
                    "recordType": 3,
                    "address": "42192",
                    "description": "String Temperature (DCM) Status Bytes 318-319",
                    "dataValue": ""
                },
                {
                    "recordType": 3,
                    "address": "42193",
                    "description": "String Temperature (DCM) Status Bytes 320-321",
                    "dataValue": ""
                },
                {
                    "recordType": 3,
                    "address": "42194",
                    "description": "String Temperature (DCM) Status Bytes 322-323",
                    "dataValue": ""
                },
                {
                    "recordType": 3,
                    "address": "42195",
                    "description": "String Temperature (DCM) Status Bytes 324-325",
                    "dataValue": ""
                },
                {
                    "recordType": 3,
                    "address": "42196",
                    "description": "String Temperature (DCM) Status Bytes 326-327",
                    "dataValue": ""
                },
                {
                    "recordType": 3,
                    "address": "42197",
                    "description": "String Temperature (DCM) Status Bytes 328-329",
                    "dataValue": ""
                },
                {
                    "recordType": 3,
                    "address": "42198",
                    "description": "String Temperature (DCM) Status Bytes 330-331",
                    "dataValue": ""
                },
                {
                    "recordType": 3,
                    "address": "42199",
                    "description": "String Temperature (DCM) Status Bytes 332-333",
                    "dataValue": ""
                },
                {
                    "recordType": 3,
                    "address": "42200",
                    "description": "String Temperature (DCM) Status Bytes 334-335",
                    "dataValue": ""
                },
                {
                    "recordType": 3,
                    "address": "42201",
                    "description": "String Temperature (DCM) Status Bytes 336-337",
                    "dataValue": ""
                },
                {
                    "recordType": 3,
                    "address": "42202",
                    "description": "String Temperature (DCM) Status Bytes 338-339",
                    "dataValue": ""
                },
                {
                    "recordType": 3,
                    "address": "42203",
                    "description": "String Temperature (DCM) Status Bytes 340-341",
                    "dataValue": ""
                },
                {
                    "recordType": 3,
                    "address": "42204",
                    "description": "String Temperature (DCM) Status Bytes 342-343",
                    "dataValue": ""
                },
                {
                    "recordType": 3,
                    "address": "42205",
                    "description": "String Temperature (DCM) Status Bytes 344-345",
                    "dataValue": ""
                },
                {
                    "recordType": 3,
                    "address": "42206",
                    "description": "String Temperature (DCM) Status Bytes 346-347",
                    "dataValue": ""
                },
                {
                    "recordType": 3,
                    "address": "42207",
                    "description": "String Temperature (DCM) Status Bytes 348-349",
                    "dataValue": ""
                },
                {
                    "recordType": 3,
                    "address": "42208",
                    "description": "String Temperature (DCM) Status Bytes 350-351",
                    "dataValue": ""
                },
                {
                    "recordType": 3,
                    "address": "42209",
                    "description": "String Temperature (DCM) Status Bytes 352-353",
                    "dataValue": ""
                },
                {
                    "recordType": 3,
                    "address": "42210",
                    "description": "String Temperature (DCM) Status Bytes 354-355",
                    "dataValue": ""
                },
                {
                    "recordType": 3,
                    "address": "42211",
                    "description": "String Temperature (DCM) Status Bytes 356-357",
                    "dataValue": ""
                },
                {
                    "recordType": 3,
                    "address": "42212",
                    "description": "String Temperature (DCM) Status Bytes 358-359",
                    "dataValue": ""
                },
                {
                    "recordType": 3,
                    "address": "42213",
                    "description": "String Temperature (DCM) Status Bytes 360-361",
                    "dataValue": ""
                },
                {
                    "recordType": 3,
                    "address": "42214",
                    "description": "String Temperature (DCM) Status Bytes 362-363",
                    "dataValue": ""
                },
                {
                    "recordType": 3,
                    "address": "42215",
                    "description": "String Temperature (DCM) Status Bytes 364-365",
                    "dataValue": ""
                },
                {
                    "recordType": 3,
                    "address": "42216",
                    "description": "String Temperature (DCM) Status Bytes 366-367",
                    "dataValue": ""
                },
                {
                    "recordType": 3,
                    "address": "42217",
                    "description": "String Temperature (DCM) Status Bytes 368-369",
                    "dataValue": ""
                },
                {
                    "recordType": 3,
                    "address": "42218",
                    "description": "String Temperature (DCM) Status Bytes 370-371",
                    "dataValue": ""
                },
                {
                    "recordType": 3,
                    "address": "42219",
                    "description": "String Temperature (DCM) Status Bytes 372-373",
                    "dataValue": ""
                },
                {
                    "recordType": 3,
                    "address": "42220",
                    "description": "String Temperature (DCM) Status Bytes 374-375",
                    "dataValue": ""
                },
                {
                    "recordType": 3,
                    "address": "42221",
                    "description": "String Temperature (DCM) Status Bytes 376-377",
                    "dataValue": ""
                },
                {
                    "recordType": 3,
                    "address": "42222",
                    "description": "String Temperature (DCM) Status Bytes 378-379",
                    "dataValue": ""
                },
                {
                    "recordType": 3,
                    "address": "42223",
                    "description": "String Temperature (DCM) Status Bytes 380-381",
                    "dataValue": ""
                },
                {
                    "recordType": 3,
                    "address": "42224",
                    "description": "String Temperature (DCM) Status Bytes 382-383",
                    "dataValue": ""
                },
                {
                    "recordType": 3,
                    "address": "42225",
                    "description": "String Temperature (DCM) Status Bytes 384-385",
                    "dataValue": ""
                },
                {
                    "recordType": 3,
                    "address": "42226",
                    "description": "String Temperature (DCM) Status Bytes 386-387",
                    "dataValue": ""
                },
                {
                    "recordType": 3,
                    "address": "42227",
                    "description": "String Temperature (DCM) Status Bytes 388-389",
                    "dataValue": ""
                },
                {
                    "recordType": 3,
                    "address": "42228",
                    "description": "String Temperature (DCM) Status Bytes 390-391",
                    "dataValue": ""
                },
                {
                    "recordType": 3,
                    "address": "42229",
                    "description": "String Temperature (DCM) Status Bytes 392-393",
                    "dataValue": ""
                },
                {
                    "recordType": 3,
                    "address": "42230",
                    "description": "String Temperature (DCM) Status Bytes 394-395",
                    "dataValue": ""
                },
                {
                    "recordType": 3,
                    "address": "42231",
                    "description": "String Temperature (DCM) Status Bytes 396-397",
                    "dataValue": ""
                },
                {
                    "recordType": 3,
                    "address": "42232",
                    "description": "String Temperature (DCM) Status Bytes 398-399",
                    "dataValue": ""
                }
            ]
        },
        {
            "type": 0,
            "name": "String Temperature (DCM) Status 2",
            "records": [
                {
                    "recordType": 3,
                    "address": "42233",
                    "description": "String Temperature (DCM) Status Bytes 400-401",
                    "dataValue": ""
                },
                {
                    "recordType": 3,
                    "address": "42234",
                    "description": "String Temperature (DCM) Status Bytes 402-403",
                    "dataValue": ""
                },
                {
                    "recordType": 3,
                    "address": "42235",
                    "description": "String Temperature (DCM) Status Bytes 404-405",
                    "dataValue": ""
                },
                {
                    "recordType": 3,
                    "address": "42236",
                    "description": "String Temperature (DCM) Status Bytes 406-407",
                    "dataValue": ""
                },
                {
                    "recordType": 3,
                    "address": "42237",
                    "description": "String Temperature (DCM) Status Bytes 408-409",
                    "dataValue": ""
                },
                {
                    "recordType": 3,
                    "address": "42238",
                    "description": "String Temperature (DCM) Status Bytes 410-411",
                    "dataValue": ""
                },
                {
                    "recordType": 3,
                    "address": "42239",
                    "description": "String Temperature (DCM) Status Bytes 412-413",
                    "dataValue": ""
                },
                {
                    "recordType": 3,
                    "address": "42240",
                    "description": "String Temperature (DCM) Status Bytes 414-415",
                    "dataValue": ""
                },
                {
                    "recordType": 3,
                    "address": "42241",
                    "description": "String Temperature (DCM) Status Bytes 416-417",
                    "dataValue": ""
                },
                {
                    "recordType": 3,
                    "address": "42242",
                    "description": "String Temperature (DCM) Status Bytes 418-419",
                    "dataValue": ""
                },
                {
                    "recordType": 3,
                    "address": "42243",
                    "description": "String Temperature (DCM) Status Bytes 420-421",
                    "dataValue": ""
                },
                {
                    "recordType": 3,
                    "address": "42244",
                    "description": "String Temperature (DCM) Status Bytes 422-423",
                    "dataValue": ""
                },
                {
                    "recordType": 3,
                    "address": "42245",
                    "description": "String Temperature (DCM) Status Bytes 424-425",
                    "dataValue": ""
                },
                {
                    "recordType": 3,
                    "address": "42246",
                    "description": "String Temperature (DCM) Status Bytes 426-427",
                    "dataValue": ""
                },
                {
                    "recordType": 3,
                    "address": "42247",
                    "description": "String Temperature (DCM) Status Bytes 428-429",
                    "dataValue": ""
                },
                {
                    "recordType": 3,
                    "address": "42248",
                    "description": "String Temperature (DCM) Status Bytes 430-431",
                    "dataValue": ""
                },
                {
                    "recordType": 3,
                    "address": "42249",
                    "description": "String Temperature (DCM) Status Bytes 432-433",
                    "dataValue": ""
                },
                {
                    "recordType": 3,
                    "address": "42250",
                    "description": "String Temperature (DCM) Status Bytes 434-435",
                    "dataValue": ""
                },
                {
                    "recordType": 3,
                    "address": "42251",
                    "description": "String Temperature (DCM) Status Bytes 436-437",
                    "dataValue": ""
                },
                {
                    "recordType": 3,
                    "address": "42252",
                    "description": "String Temperature (DCM) Status Bytes 438-439",
                    "dataValue": ""
                },
                {
                    "recordType": 3,
                    "address": "42253",
                    "description": "String Temperature (DCM) Status Bytes 440-441",
                    "dataValue": ""
                },
                {
                    "recordType": 3,
                    "address": "42254",
                    "description": "String Temperature (DCM) Status Bytes 442-443",
                    "dataValue": ""
                },
                {
                    "recordType": 3,
                    "address": "42255",
                    "description": "String Temperature (DCM) Status Bytes 444-445",
                    "dataValue": ""
                },
                {
                    "recordType": 3,
                    "address": "42256",
                    "description": "String Temperature (DCM) Status Bytes 446-447",
                    "dataValue": ""
                },
                {
                    "recordType": 3,
                    "address": "42257",
                    "description": "String Temperature (DCM) Status Bytes 448-449",
                    "dataValue": ""
                },
                {
                    "recordType": 3,
                    "address": "42258",
                    "description": "String Temperature (DCM) Status Bytes 450-451",
                    "dataValue": ""
                },
                {
                    "recordType": 3,
                    "address": "42259",
                    "description": "String Temperature (DCM) Status Bytes 452-453",
                    "dataValue": ""
                },
                {
                    "recordType": 3,
                    "address": "42260",
                    "description": "String Temperature (DCM) Status Bytes 454-455",
                    "dataValue": ""
                },
                {
                    "recordType": 3,
                    "address": "42261",
                    "description": "String Temperature (DCM) Status Bytes 456-457",
                    "dataValue": ""
                },
                {
                    "recordType": 3,
                    "address": "42262",
                    "description": "String Temperature (DCM) Status Bytes 458-459",
                    "dataValue": ""
                },
                {
                    "recordType": 3,
                    "address": "42263",
                    "description": "String Temperature (DCM) Status Bytes 460-461",
                    "dataValue": ""
                },
                {
                    "recordType": 3,
                    "address": "42264",
                    "description": "String Temperature (DCM) Status Bytes 462-463",
                    "dataValue": ""
                },
                {
                    "recordType": 3,
                    "address": "42265",
                    "description": "String Temperature (DCM) Status Bytes 464-465",
                    "dataValue": ""
                },
                {
                    "recordType": 3,
                    "address": "42266",
                    "description": "String Temperature (DCM) Status Bytes 466-467",
                    "dataValue": ""
                },
                {
                    "recordType": 3,
                    "address": "42267",
                    "description": "String Temperature (DCM) Status Bytes 468-469",
                    "dataValue": ""
                },
                {
                    "recordType": 3,
                    "address": "42268",
                    "description": "String Temperature (DCM) Status Bytes 470-471",
                    "dataValue": ""
                },
                {
                    "recordType": 3,
                    "address": "42269",
                    "description": "String Temperature (DCM) Status Bytes 472-473",
                    "dataValue": ""
                },
                {
                    "recordType": 3,
                    "address": "42270",
                    "description": "String Temperature (DCM) Status Bytes 474-475",
                    "dataValue": ""
                },
                {
                    "recordType": 3,
                    "address": "42271",
                    "description": "String Temperature (DCM) Status Bytes 476-477",
                    "dataValue": ""
                },
                {
                    "recordType": 3,
                    "address": "42272",
                    "description": "String Temperature (DCM) Status Bytes 478-479",
                    "dataValue": ""
                },
                {
                    "recordType": 3,
                    "address": "42273",
                    "description": "String Temperature (DCM) Status Bytes 480-481",
                    "dataValue": ""
                },
                {
                    "recordType": 3,
                    "address": "42274",
                    "description": "String Temperature (DCM) Status Bytes 482-483",
                    "dataValue": ""
                },
                {
                    "recordType": 3,
                    "address": "42275",
                    "description": "String Temperature (DCM) Status Bytes 484-485",
                    "dataValue": ""
                },
                {
                    "recordType": 3,
                    "address": "42276",
                    "description": "String Temperature (DCM) Status Bytes 486-487",
                    "dataValue": ""
                },
                {
                    "recordType": 3,
                    "address": "42277",
                    "description": "String Temperature (DCM) Status Bytes 488-489",
                    "dataValue": ""
                },
                {
                    "recordType": 3,
                    "address": "42278",
                    "description": "String Temperature (DCM) Status Bytes 490-491",
                    "dataValue": ""
                },
                {
                    "recordType": 3,
                    "address": "42279",
                    "description": "String Temperature (DCM) Status Bytes 492-493",
                    "dataValue": ""
                },
                {
                    "recordType": 3,
                    "address": "42280",
                    "description": "String Temperature (DCM) Status Bytes 494-495",
                    "dataValue": ""
                },
                {
                    "recordType": 3,
                    "address": "42281",
                    "description": "String Temperature (DCM) Status Bytes 496-497",
                    "dataValue": ""
                },
                {
                    "recordType": 3,
                    "address": "42282",
                    "description": "String Temperature (DCM) Status Bytes 498-499",
                    "dataValue": ""
                },
                {
                    "recordType": 3,
                    "address": "42283",
                    "description": "String Temperature (DCM) Status Bytes 500-501",
                    "dataValue": ""
                },
                {
                    "recordType": 3,
                    "address": "42284",
                    "description": "String Temperature (DCM) Status Bytes 502-503",
                    "dataValue": ""
                },
                {
                    "recordType": 3,
                    "address": "42285",
                    "description": "String Temperature (DCM) Status Bytes 504-505",
                    "dataValue": ""
                },
                {
                    "recordType": 3,
                    "address": "42286",
                    "description": "String Temperature (DCM) Status Bytes 506-507",
                    "dataValue": ""
                },
                {
                    "recordType": 3,
                    "address": "42287",
                    "description": "String Temperature (DCM) Status Bytes 508-509",
                    "dataValue": ""
                },
                {
                    "recordType": 3,
                    "address": "42288",
                    "description": "String Temperature (DCM) Status Bytes 510-511",
                    "dataValue": ""
                }
            ]
        }
    ]
}