{
    "sequences": [
        {
            "type": 0,
            "name": "String Temperature (DCM) Average Count 0",
            "records": [
                {
                    "recordType": 3,
                    "address": "41777",
                    "description": "String Temperature (DCM) Average Count Bytes 000-001",
                    "dataValue": ""
                },
                {
                    "recordType": 3,
                    "address": "41778",
                    "description": "String Temperature (DCM) Average Count Bytes 002-003",
                    "dataValue": ""
                },
                {
                    "recordType": 3,
                    "address": "41779",
                    "description": "String Temperature (DCM) Average Count Bytes 004-005",
                    "dataValue": ""
                },
                {
                    "recordType": 3,
                    "address": "41780",
                    "description": "String Temperature (DCM) Average Count Bytes 006-007",
                    "dataValue": ""
                },
                {
                    "recordType": 3,
                    "address": "41781",
                    "description": "String Temperature (DCM) Average Count Bytes 008-009",
                    "dataValue": ""
                },
                {
                    "recordType": 3,
                    "address": "41782",
                    "description": "String Temperature (DCM) Average Count Bytes 010-011",
                    "dataValue": ""
                },
                {
                    "recordType": 3,
                    "address": "41783",
                    "description": "String Temperature (DCM) Average Count Bytes 012-013",
                    "dataValue": ""
                },
                {
                    "recordType": 3,
                    "address": "41784",
                    "description": "String Temperature (DCM) Average Count Bytes 014-015",
                    "dataValue": ""
                },
                {
                    "recordType": 3,
                    "address": "41785",
                    "description": "String Temperature (DCM) Average Count Bytes 016-017",
                    "dataValue": ""
                },
                {
                    "recordType": 3,
                    "address": "41786",
                    "description": "String Temperature (DCM) Average Count Bytes 018-019",
                    "dataValue": ""
                },
                {
                    "recordType": 3,
                    "address": "41787",
                    "description": "String Temperature (DCM) Average Count Bytes 020-021",
                    "dataValue": ""
                },
                {
                    "recordType": 3,
                    "address": "41788",
                    "description": "String Temperature (DCM) Average Count Bytes 022-023",
                    "dataValue": ""
                },
                {
                    "recordType": 3,
                    "address": "41789",
                    "description": "String Temperature (DCM) Average Count Bytes 024-025",
                    "dataValue": ""
                },
                {
                    "recordType": 3,
                    "address": "41790",
                    "description": "String Temperature (DCM) Average Count Bytes 026-027",
                    "dataValue": ""
                },
                {
                    "recordType": 3,
                    "address": "41791",
                    "description": "String Temperature (DCM) Average Count Bytes 028-029",
                    "dataValue": ""
                },
                {
                    "recordType": 3,
                    "address": "41792",
                    "description": "String Temperature (DCM) Average Count Bytes 030-031",
                    "dataValue": ""
                },
                {
                    "recordType": 3,
                    "address": "41793",
                    "description": "String Temperature (DCM) Average Count Bytes 032-033",
                    "dataValue": ""
                },
                {
                    "recordType": 3,
                    "address": "41794",
                    "description": "String Temperature (DCM) Average Count Bytes 034-035",
                    "dataValue": ""
                },
                {
                    "recordType": 3,
                    "address": "41795",
                    "description": "String Temperature (DCM) Average Count Bytes 036-037",
                    "dataValue": ""
                },
                {
                    "recordType": 3,
                    "address": "41796",
                    "description": "String Temperature (DCM) Average Count Bytes 038-039",
                    "dataValue": ""
                },
                {
                    "recordType": 3,
                    "address": "41797",
                    "description": "String Temperature (DCM) Average Count Bytes 040-041",
                    "dataValue": ""
                },
                {
                    "recordType": 3,
                    "address": "41798",
                    "description": "String Temperature (DCM) Average Count Bytes 042-043",
                    "dataValue": ""
                },
                {
                    "recordType": 3,
                    "address": "41799",
                    "description": "String Temperature (DCM) Average Count Bytes 044-045",
                    "dataValue": ""
                },
                {
                    "recordType": 3,
                    "address": "41800",
                    "description": "String Temperature (DCM) Average Count Bytes 046-047",
                    "dataValue": ""
                },
                {
                    "recordType": 3,
                    "address": "41801",
                    "description": "String Temperature (DCM) Average Count Bytes 048-049",
                    "dataValue": ""
                },
                {
                    "recordType": 3,
                    "address": "41802",
                    "description": "String Temperature (DCM) Average Count Bytes 050-051",
                    "dataValue": ""
                },
                {
                    "recordType": 3,
                    "address": "41803",
                    "description": "String Temperature (DCM) Average Count Bytes 052-053",
                    "dataValue": ""
                },
                {
                    "recordType": 3,
                    "address": "41804",
                    "description": "String Temperature (DCM) Average Count Bytes 054-055",
                    "dataValue": ""
                },
                {
                    "recordType": 3,
                    "address": "41805",
                    "description": "String Temperature (DCM) Average Count Bytes 056-057",
                    "dataValue": ""
                },
                {
                    "recordType": 3,
                    "address": "41806",
                    "description": "String Temperature (DCM) Average Count Bytes 058-059",
                    "dataValue": ""
                },
                {
                    "recordType": 3,
                    "address": "41807",
                    "description": "String Temperature (DCM) Average Count Bytes 060-061",
                    "dataValue": ""
                },
                {
                    "recordType": 3,
                    "address": "41808",
                    "description": "String Temperature (DCM) Average Count Bytes 062-063",
                    "dataValue": ""
                },
                {
                    "recordType": 3,
                    "address": "41809",
                    "description": "String Temperature (DCM) Average Count Bytes 064-065",
                    "dataValue": ""
                },
                {
                    "recordType": 3,
                    "address": "41810",
                    "description": "String Temperature (DCM) Average Count Bytes 066-067",
                    "dataValue": ""
                },
                {
                    "recordType": 3,
                    "address": "41811",
                    "description": "String Temperature (DCM) Average Count Bytes 068-069",
                    "dataValue": ""
                },
                {
                    "recordType": 3,
                    "address": "41812",
                    "description": "String Temperature (DCM) Average Count Bytes 070-071",
                    "dataValue": ""
                },
                {
                    "recordType": 3,
                    "address": "41813",
                    "description": "String Temperature (DCM) Average Count Bytes 072-073",
                    "dataValue": ""
                },
                {
                    "recordType": 3,
                    "address": "41814",
                    "description": "String Temperature (DCM) Average Count Bytes 074-075",
                    "dataValue": ""
                },
                {
                    "recordType": 3,
                    "address": "41815",
                    "description": "String Temperature (DCM) Average Count Bytes 076-077",
                    "dataValue": ""
                },
                {
                    "recordType": 3,
                    "address": "41816",
                    "description": "String Temperature (DCM) Average Count Bytes 078-079",
                    "dataValue": ""
                },
                {
                    "recordType": 3,
                    "address": "41817",
                    "description": "String Temperature (DCM) Average Count Bytes 080-081",
                    "dataValue": ""
                },
                {
                    "recordType": 3,
                    "address": "41818",
                    "description": "String Temperature (DCM) Average Count Bytes 082-083",
                    "dataValue": ""
                },
                {
                    "recordType": 3,
                    "address": "41819",
                    "description": "String Temperature (DCM) Average Count Bytes 084-085",
                    "dataValue": ""
                },
                {
                    "recordType": 3,
                    "address": "41820",
                    "description": "String Temperature (DCM) Average Count Bytes 086-087",
                    "dataValue": ""
                },
                {
                    "recordType": 3,
                    "address": "41821",
                    "description": "String Temperature (DCM) Average Count Bytes 088-089",
                    "dataValue": ""
                },
                {
                    "recordType": 3,
                    "address": "41822",
                    "description": "String Temperature (DCM) Average Count Bytes 090-091",
                    "dataValue": ""
                },
                {
                    "recordType": 3,
                    "address": "41823",
                    "description": "String Temperature (DCM) Average Count Bytes 092-093",
                    "dataValue": ""
                },
                {
                    "recordType": 3,
                    "address": "41824",
                    "description": "String Temperature (DCM) Average Count Bytes 094-095",
                    "dataValue": ""
                },
                {
                    "recordType": 3,
                    "address": "41825",
                    "description": "String Temperature (DCM) Average Count Bytes 096-097",
                    "dataValue": ""
                },
                {
                    "recordType": 3,
                    "address": "41826",
                    "description": "String Temperature (DCM) Average Count Bytes 098-099",
                    "dataValue": ""
                },
                {
                    "recordType": 3,
                    "address": "41827",
                    "description": "String Temperature (DCM) Average Count Bytes 100-101",
                    "dataValue": ""
                },
                {
                    "recordType": 3,
                    "address": "41828",
                    "description": "String Temperature (DCM) Average Count Bytes 102-103",
                    "dataValue": ""
                },
                {
                    "recordType": 3,
                    "address": "41829",
                    "description": "String Temperature (DCM) Average Count Bytes 104-105",
                    "dataValue": ""
                },
                {
                    "recordType": 3,
                    "address": "41830",
                    "description": "String Temperature (DCM) Average Count Bytes 106-107",
                    "dataValue": ""
                },
                {
                    "recordType": 3,
                    "address": "41831",
                    "description": "String Temperature (DCM) Average Count Bytes 108-109",
                    "dataValue": ""
                },
                {
                    "recordType": 3,
                    "address": "41832",
                    "description": "String Temperature (DCM) Average Count Bytes 110-111",
                    "dataValue": ""
                },
                {
                    "recordType": 3,
                    "address": "41833",
                    "description": "String Temperature (DCM) Average Count Bytes 112-113",
                    "dataValue": ""
                },
                {
                    "recordType": 3,
                    "address": "41834",
                    "description": "String Temperature (DCM) Average Count Bytes 114-115",
                    "dataValue": ""
                },
                {
                    "recordType": 3,
                    "address": "41835",
                    "description": "String Temperature (DCM) Average Count Bytes 116-117",
                    "dataValue": ""
                },
                {
                    "recordType": 3,
                    "address": "41836",
                    "description": "String Temperature (DCM) Average Count Bytes 118-119",
                    "dataValue": ""
                },
                {
                    "recordType": 3,
                    "address": "41837",
                    "description": "String Temperature (DCM) Average Count Bytes 120-121",
                    "dataValue": ""
                },
                {
                    "recordType": 3,
                    "address": "41838",
                    "description": "String Temperature (DCM) Average Count Bytes 122-123",
                    "dataValue": ""
                },
                {
                    "recordType": 3,
                    "address": "41839",
                    "description": "String Temperature (DCM) Average Count Bytes 124-125",
                    "dataValue": ""
                },
                {
                    "recordType": 3,
                    "address": "41840",
                    "description": "String Temperature (DCM) Average Count Bytes 126-127",
                    "dataValue": ""
                },
                {
                    "recordType": 3,
                    "address": "41841",
                    "description": "String Temperature (DCM) Average Count Bytes 128-129",
                    "dataValue": ""
                },
                {
                    "recordType": 3,
                    "address": "41842",
                    "description": "String Temperature (DCM) Average Count Bytes 130-131",
                    "dataValue": ""
                },
                {
                    "recordType": 3,
                    "address": "41843",
                    "description": "String Temperature (DCM) Average Count Bytes 132-133",
                    "dataValue": ""
                },
                {
                    "recordType": 3,
                    "address": "41844",
                    "description": "String Temperature (DCM) Average Count Bytes 134-135",
                    "dataValue": ""
                },
                {
                    "recordType": 3,
                    "address": "41845",
                    "description": "String Temperature (DCM) Average Count Bytes 136-137",
                    "dataValue": ""
                },
                {
                    "recordType": 3,
                    "address": "41846",
                    "description": "String Temperature (DCM) Average Count Bytes 138-139",
                    "dataValue": ""
                },
                {
                    "recordType": 3,
                    "address": "41847",
                    "description": "String Temperature (DCM) Average Count Bytes 140-141",
                    "dataValue": ""
                },
                {
                    "recordType": 3,
                    "address": "41848",
                    "description": "String Temperature (DCM) Average Count Bytes 142-143",
                    "dataValue": ""
                },
                {
                    "recordType": 3,
                    "address": "41849",
                    "description": "String Temperature (DCM) Average Count Bytes 144-145",
                    "dataValue": ""
                },
                {
                    "recordType": 3,
                    "address": "41850",
                    "description": "String Temperature (DCM) Average Count Bytes 146-147",
                    "dataValue": ""
                },
                {
                    "recordType": 3,
                    "address": "41851",
                    "description": "String Temperature (DCM) Average Count Bytes 148-149",
                    "dataValue": ""
                },
                {
                    "recordType": 3,
                    "address": "41852",
                    "description": "String Temperature (DCM) Average Count Bytes 150-151",
                    "dataValue": ""
                },
                {
                    "recordType": 3,
                    "address": "41853",
                    "description": "String Temperature (DCM) Average Count Bytes 152-153",
                    "dataValue": ""
                },
                {
                    "recordType": 3,
                    "address": "41854",
                    "description": "String Temperature (DCM) Average Count Bytes 154-155",
                    "dataValue": ""
                },
                {
                    "recordType": 3,
                    "address": "41855",
                    "description": "String Temperature (DCM) Average Count Bytes 156-157",
                    "dataValue": ""
                },
                {
                    "recordType": 3,
                    "address": "41856",
                    "description": "String Temperature (DCM) Average Count Bytes 158-159",
                    "dataValue": ""
                },
                {
                    "recordType": 3,
                    "address": "41857",
                    "description": "String Temperature (DCM) Average Count Bytes 160-161",
                    "dataValue": ""
                },
                {
                    "recordType": 3,
                    "address": "41858",
                    "description": "String Temperature (DCM) Average Count Bytes 162-163",
                    "dataValue": ""
                },
                {
                    "recordType": 3,
                    "address": "41859",
                    "description": "String Temperature (DCM) Average Count Bytes 164-165",
                    "dataValue": ""
                },
                {
                    "recordType": 3,
                    "address": "41860",
                    "description": "String Temperature (DCM) Average Count Bytes 166-167",
                    "dataValue": ""
                },
                {
                    "recordType": 3,
                    "address": "41861",
                    "description": "String Temperature (DCM) Average Count Bytes 168-169",
                    "dataValue": ""
                },
                {
                    "recordType": 3,
                    "address": "41862",
                    "description": "String Temperature (DCM) Average Count Bytes 170-171",
                    "dataValue": ""
                },
                {
                    "recordType": 3,
                    "address": "41863",
                    "description": "String Temperature (DCM) Average Count Bytes 172-173",
                    "dataValue": ""
                },
                {
                    "recordType": 3,
                    "address": "41864",
                    "description": "String Temperature (DCM) Average Count Bytes 174-175",
                    "dataValue": ""
                },
                {
                    "recordType": 3,
                    "address": "41865",
                    "description": "String Temperature (DCM) Average Count Bytes 176-177",
                    "dataValue": ""
                },
                {
                    "recordType": 3,
                    "address": "41866",
                    "description": "String Temperature (DCM) Average Count Bytes 178-179",
                    "dataValue": ""
                },
                {
                    "recordType": 3,
                    "address": "41867",
                    "description": "String Temperature (DCM) Average Count Bytes 180-181",
                    "dataValue": ""
                },
                {
                    "recordType": 3,
                    "address": "41868",
                    "description": "String Temperature (DCM) Average Count Bytes 182-183",
                    "dataValue": ""
                },
                {
                    "recordType": 3,
                    "address": "41869",
                    "description": "String Temperature (DCM) Average Count Bytes 184-185",
                    "dataValue": ""
                },
                {
                    "recordType": 3,
                    "address": "41870",
                    "description": "String Temperature (DCM) Average Count Bytes 186-187",
                    "dataValue": ""
                },
                {
                    "recordType": 3,
                    "address": "41871",
                    "description": "String Temperature (DCM) Average Count Bytes 188-189",
                    "dataValue": ""
                },
                {
                    "recordType": 3,
                    "address": "41872",
                    "description": "String Temperature (DCM) Average Count Bytes 190-191",
                    "dataValue": ""
                },
                {
                    "recordType": 3,
                    "address": "41873",
                    "description": "String Temperature (DCM) Average Count Bytes 192-193",
                    "dataValue": ""
                },
                {
                    "recordType": 3,
                    "address": "41874",
                    "description": "String Temperature (DCM) Average Count Bytes 194-195",
                    "dataValue": ""
                },
                {
                    "recordType": 3,
                    "address": "41875",
                    "description": "String Temperature (DCM) Average Count Bytes 196-197",
                    "dataValue": ""
                },
                {
                    "recordType": 3,
                    "address": "41876",
                    "description": "String Temperature (DCM) Average Count Bytes 198-199",
                    "dataValue": ""
                }
            ]
        },
        {
            "type": 0,
            "name": "String Temperature (DCM) Average Count 1",
            "records": [
                {
                    "recordType": 3,
                    "address": "41877",
                    "description": "String Temperature (DCM) Average Count Bytes 200-201",
                    "dataValue": ""
                },
                {
                    "recordType": 3,
                    "address": "41878",
                    "description": "String Temperature (DCM) Average Count Bytes 202-203",
                    "dataValue": ""
                },
                {
                    "recordType": 3,
                    "address": "41879",
                    "description": "String Temperature (DCM) Average Count Bytes 204-205",
                    "dataValue": ""
                },
                {
                    "recordType": 3,
                    "address": "41880",
                    "description": "String Temperature (DCM) Average Count Bytes 206-207",
                    "dataValue": ""
                },
                {
                    "recordType": 3,
                    "address": "41881",
                    "description": "String Temperature (DCM) Average Count Bytes 208-209",
                    "dataValue": ""
                },
                {
                    "recordType": 3,
                    "address": "41882",
                    "description": "String Temperature (DCM) Average Count Bytes 210-211",
                    "dataValue": ""
                },
                {
                    "recordType": 3,
                    "address": "41883",
                    "description": "String Temperature (DCM) Average Count Bytes 212-213",
                    "dataValue": ""
                },
                {
                    "recordType": 3,
                    "address": "41884",
                    "description": "String Temperature (DCM) Average Count Bytes 214-215",
                    "dataValue": ""
                },
                {
                    "recordType": 3,
                    "address": "41885",
                    "description": "String Temperature (DCM) Average Count Bytes 216-217",
                    "dataValue": ""
                },
                {
                    "recordType": 3,
                    "address": "41886",
                    "description": "String Temperature (DCM) Average Count Bytes 218-219",
                    "dataValue": ""
                },
                {
                    "recordType": 3,
                    "address": "41887",
                    "description": "String Temperature (DCM) Average Count Bytes 220-221",
                    "dataValue": ""
                },
                {
                    "recordType": 3,
                    "address": "41888",
                    "description": "String Temperature (DCM) Average Count Bytes 222-223",
                    "dataValue": ""
                },
                {
                    "recordType": 3,
                    "address": "41889",
                    "description": "String Temperature (DCM) Average Count Bytes 224-225",
                    "dataValue": ""
                },
                {
                    "recordType": 3,
                    "address": "41890",
                    "description": "String Temperature (DCM) Average Count Bytes 226-227",
                    "dataValue": ""
                },
                {
                    "recordType": 3,
                    "address": "41891",
                    "description": "String Temperature (DCM) Average Count Bytes 228-229",
                    "dataValue": ""
                },
                {
                    "recordType": 3,
                    "address": "41892",
                    "description": "String Temperature (DCM) Average Count Bytes 230-231",
                    "dataValue": ""
                },
                {
                    "recordType": 3,
                    "address": "41893",
                    "description": "String Temperature (DCM) Average Count Bytes 232-233",
                    "dataValue": ""
                },
                {
                    "recordType": 3,
                    "address": "41894",
                    "description": "String Temperature (DCM) Average Count Bytes 234-235",
                    "dataValue": ""
                },
                {
                    "recordType": 3,
                    "address": "41895",
                    "description": "String Temperature (DCM) Average Count Bytes 236-237",
                    "dataValue": ""
                },
                {
                    "recordType": 3,
                    "address": "41896",
                    "description": "String Temperature (DCM) Average Count Bytes 238-239",
                    "dataValue": ""
                },
                {
                    "recordType": 3,
                    "address": "41897",
                    "description": "String Temperature (DCM) Average Count Bytes 240-241",
                    "dataValue": ""
                },
                {
                    "recordType": 3,
                    "address": "41898",
                    "description": "String Temperature (DCM) Average Count Bytes 242-243",
                    "dataValue": ""
                },
                {
                    "recordType": 3,
                    "address": "41899",
                    "description": "String Temperature (DCM) Average Count Bytes 244-245",
                    "dataValue": ""
                },
                {
                    "recordType": 3,
                    "address": "41900",
                    "description": "String Temperature (DCM) Average Count Bytes 246-247",
                    "dataValue": ""
                },
                {
                    "recordType": 3,
                    "address": "41901",
                    "description": "String Temperature (DCM) Average Count Bytes 248-249",
                    "dataValue": ""
                },
                {
                    "recordType": 3,
                    "address": "41902",
                    "description": "String Temperature (DCM) Average Count Bytes 250-251",
                    "dataValue": ""
                },
                {
                    "recordType": 3,
                    "address": "41903",
                    "description": "String Temperature (DCM) Average Count Bytes 252-253",
                    "dataValue": ""
                },
                {
                    "recordType": 3,
                    "address": "41904",
                    "description": "String Temperature (DCM) Average Count Bytes 254-255",
                    "dataValue": ""
                },
                {
                    "recordType": 3,
                    "address": "41905",
                    "description": "String Temperature (DCM) Average Count Bytes 256-257",
                    "dataValue": ""
                },
                {
                    "recordType": 3,
                    "address": "41906",
                    "description": "String Temperature (DCM) Average Count Bytes 258-259",
                    "dataValue": ""
                },
                {
                    "recordType": 3,
                    "address": "41907",
                    "description": "String Temperature (DCM) Average Count Bytes 260-261",
                    "dataValue": ""
                },
                {
                    "recordType": 3,
                    "address": "41908",
                    "description": "String Temperature (DCM) Average Count Bytes 262-263",
                    "dataValue": ""
                },
                {
                    "recordType": 3,
                    "address": "41909",
                    "description": "String Temperature (DCM) Average Count Bytes 264-265",
                    "dataValue": ""
                },
                {
                    "recordType": 3,
                    "address": "41910",
                    "description": "String Temperature (DCM) Average Count Bytes 266-267",
                    "dataValue": ""
                },
                {
                    "recordType": 3,
                    "address": "41911",
                    "description": "String Temperature (DCM) Average Count Bytes 268-269",
                    "dataValue": ""
                },
                {
                    "recordType": 3,
                    "address": "41912",
                    "description": "String Temperature (DCM) Average Count Bytes 270-271",
                    "dataValue": ""
                },
                {
                    "recordType": 3,
                    "address": "41913",
                    "description": "String Temperature (DCM) Average Count Bytes 272-273",
                    "dataValue": ""
                },
                {
                    "recordType": 3,
                    "address": "41914",
                    "description": "String Temperature (DCM) Average Count Bytes 274-275",
                    "dataValue": ""
                },
                {
                    "recordType": 3,
                    "address": "41915",
                    "description": "String Temperature (DCM) Average Count Bytes 276-277",
                    "dataValue": ""
                },
                {
                    "recordType": 3,
                    "address": "41916",
                    "description": "String Temperature (DCM) Average Count Bytes 278-279",
                    "dataValue": ""
                },
                {
                    "recordType": 3,
                    "address": "41917",
                    "description": "String Temperature (DCM) Average Count Bytes 280-281",
                    "dataValue": ""
                },
                {
                    "recordType": 3,
                    "address": "41918",
                    "description": "String Temperature (DCM) Average Count Bytes 282-283",
                    "dataValue": ""
                },
                {
                    "recordType": 3,
                    "address": "41919",
                    "description": "String Temperature (DCM) Average Count Bytes 284-285",
                    "dataValue": ""
                },
                {
                    "recordType": 3,
                    "address": "41920",
                    "description": "String Temperature (DCM) Average Count Bytes 286-287",
                    "dataValue": ""
                },
                {
                    "recordType": 3,
                    "address": "41921",
                    "description": "String Temperature (DCM) Average Count Bytes 288-289",
                    "dataValue": ""
                },
                {
                    "recordType": 3,
                    "address": "41922",
                    "description": "String Temperature (DCM) Average Count Bytes 290-291",
                    "dataValue": ""
                },
                {
                    "recordType": 3,
                    "address": "41923",
                    "description": "String Temperature (DCM) Average Count Bytes 292-293",
                    "dataValue": ""
                },
                {
                    "recordType": 3,
                    "address": "41924",
                    "description": "String Temperature (DCM) Average Count Bytes 294-295",
                    "dataValue": ""
                },
                {
                    "recordType": 3,
                    "address": "41925",
                    "description": "String Temperature (DCM) Average Count Bytes 296-297",
                    "dataValue": ""
                },
                {
                    "recordType": 3,
                    "address": "41926",
                    "description": "String Temperature (DCM) Average Count Bytes 298-299",
                    "dataValue": ""
                },
                {
                    "recordType": 3,
                    "address": "41927",
                    "description": "String Temperature (DCM) Average Count Bytes 300-301",
                    "dataValue": ""
                },
                {
                    "recordType": 3,
                    "address": "41928",
                    "description": "String Temperature (DCM) Average Count Bytes 302-303",
                    "dataValue": ""
                },
                {
                    "recordType": 3,
                    "address": "41929",
                    "description": "String Temperature (DCM) Average Count Bytes 304-305",
                    "dataValue": ""
                },
                {
                    "recordType": 3,
                    "address": "41930",
                    "description": "String Temperature (DCM) Average Count Bytes 306-307",
                    "dataValue": ""
                },
                {
                    "recordType": 3,
                    "address": "41931",
                    "description": "String Temperature (DCM) Average Count Bytes 308-309",
                    "dataValue": ""
                },
                {
                    "recordType": 3,
                    "address": "41932",
                    "description": "String Temperature (DCM) Average Count Bytes 310-311",
                    "dataValue": ""
                },
                {
                    "recordType": 3,
                    "address": "41933",
                    "description": "String Temperature (DCM) Average Count Bytes 312-313",
                    "dataValue": ""
                },
                {
                    "recordType": 3,
                    "address": "41934",
                    "description": "String Temperature (DCM) Average Count Bytes 314-315",
                    "dataValue": ""
                },
                {
                    "recordType": 3,
                    "address": "41935",
                    "description": "String Temperature (DCM) Average Count Bytes 316-317",
                    "dataValue": ""
                },
                {
                    "recordType": 3,
                    "address": "41936",
                    "description": "String Temperature (DCM) Average Count Bytes 318-319",
                    "dataValue": ""
                },
                {
                    "recordType": 3,
                    "address": "41937",
                    "description": "String Temperature (DCM) Average Count Bytes 320-321",
                    "dataValue": ""
                },
                {
                    "recordType": 3,
                    "address": "41938",
                    "description": "String Temperature (DCM) Average Count Bytes 322-323",
                    "dataValue": ""
                },
                {
                    "recordType": 3,
                    "address": "41939",
                    "description": "String Temperature (DCM) Average Count Bytes 324-325",
                    "dataValue": ""
                },
                {
                    "recordType": 3,
                    "address": "41940",
                    "description": "String Temperature (DCM) Average Count Bytes 326-327",
                    "dataValue": ""
                },
                {
                    "recordType": 3,
                    "address": "41941",
                    "description": "String Temperature (DCM) Average Count Bytes 328-329",
                    "dataValue": ""
                },
                {
                    "recordType": 3,
                    "address": "41942",
                    "description": "String Temperature (DCM) Average Count Bytes 330-331",
                    "dataValue": ""
                },
                {
                    "recordType": 3,
                    "address": "41943",
                    "description": "String Temperature (DCM) Average Count Bytes 332-333",
                    "dataValue": ""
                },
                {
                    "recordType": 3,
                    "address": "41944",
                    "description": "String Temperature (DCM) Average Count Bytes 334-335",
                    "dataValue": ""
                },
                {
                    "recordType": 3,
                    "address": "41945",
                    "description": "String Temperature (DCM) Average Count Bytes 336-337",
                    "dataValue": ""
                },
                {
                    "recordType": 3,
                    "address": "41946",
                    "description": "String Temperature (DCM) Average Count Bytes 338-339",
                    "dataValue": ""
                },
                {
                    "recordType": 3,
                    "address": "41947",
                    "description": "String Temperature (DCM) Average Count Bytes 340-341",
                    "dataValue": ""
                },
                {
                    "recordType": 3,
                    "address": "41948",
                    "description": "String Temperature (DCM) Average Count Bytes 342-343",
                    "dataValue": ""
                },
                {
                    "recordType": 3,
                    "address": "41949",
                    "description": "String Temperature (DCM) Average Count Bytes 344-345",
                    "dataValue": ""
                },
                {
                    "recordType": 3,
                    "address": "41950",
                    "description": "String Temperature (DCM) Average Count Bytes 346-347",
                    "dataValue": ""
                },
                {
                    "recordType": 3,
                    "address": "41951",
                    "description": "String Temperature (DCM) Average Count Bytes 348-349",
                    "dataValue": ""
                },
                {
                    "recordType": 3,
                    "address": "41952",
                    "description": "String Temperature (DCM) Average Count Bytes 350-351",
                    "dataValue": ""
                },
                {
                    "recordType": 3,
                    "address": "41953",
                    "description": "String Temperature (DCM) Average Count Bytes 352-353",
                    "dataValue": ""
                },
                {
                    "recordType": 3,
                    "address": "41954",
                    "description": "String Temperature (DCM) Average Count Bytes 354-355",
                    "dataValue": ""
                },
                {
                    "recordType": 3,
                    "address": "41955",
                    "description": "String Temperature (DCM) Average Count Bytes 356-357",
                    "dataValue": ""
                },
                {
                    "recordType": 3,
                    "address": "41956",
                    "description": "String Temperature (DCM) Average Count Bytes 358-359",
                    "dataValue": ""
                },
                {
                    "recordType": 3,
                    "address": "41957",
                    "description": "String Temperature (DCM) Average Count Bytes 360-361",
                    "dataValue": ""
                },
                {
                    "recordType": 3,
                    "address": "41958",
                    "description": "String Temperature (DCM) Average Count Bytes 362-363",
                    "dataValue": ""
                },
                {
                    "recordType": 3,
                    "address": "41959",
                    "description": "String Temperature (DCM) Average Count Bytes 364-365",
                    "dataValue": ""
                },
                {
                    "recordType": 3,
                    "address": "41960",
                    "description": "String Temperature (DCM) Average Count Bytes 366-367",
                    "dataValue": ""
                },
                {
                    "recordType": 3,
                    "address": "41961",
                    "description": "String Temperature (DCM) Average Count Bytes 368-369",
                    "dataValue": ""
                },
                {
                    "recordType": 3,
                    "address": "41962",
                    "description": "String Temperature (DCM) Average Count Bytes 370-371",
                    "dataValue": ""
                },
                {
                    "recordType": 3,
                    "address": "41963",
                    "description": "String Temperature (DCM) Average Count Bytes 372-373",
                    "dataValue": ""
                },
                {
                    "recordType": 3,
                    "address": "41964",
                    "description": "String Temperature (DCM) Average Count Bytes 374-375",
                    "dataValue": ""
                },
                {
                    "recordType": 3,
                    "address": "41965",
                    "description": "String Temperature (DCM) Average Count Bytes 376-377",
                    "dataValue": ""
                },
                {
                    "recordType": 3,
                    "address": "41966",
                    "description": "String Temperature (DCM) Average Count Bytes 378-379",
                    "dataValue": ""
                },
                {
                    "recordType": 3,
                    "address": "41967",
                    "description": "String Temperature (DCM) Average Count Bytes 380-381",
                    "dataValue": ""
                },
                {
                    "recordType": 3,
                    "address": "41968",
                    "description": "String Temperature (DCM) Average Count Bytes 382-383",
                    "dataValue": ""
                },
                {
                    "recordType": 3,
                    "address": "41969",
                    "description": "String Temperature (DCM) Average Count Bytes 384-385",
                    "dataValue": ""
                },
                {
                    "recordType": 3,
                    "address": "41970",
                    "description": "String Temperature (DCM) Average Count Bytes 386-387",
                    "dataValue": ""
                },
                {
                    "recordType": 3,
                    "address": "41971",
                    "description": "String Temperature (DCM) Average Count Bytes 388-389",
                    "dataValue": ""
                },
                {
                    "recordType": 3,
                    "address": "41972",
                    "description": "String Temperature (DCM) Average Count Bytes 390-391",
                    "dataValue": ""
                },
                {
                    "recordType": 3,
                    "address": "41973",
                    "description": "String Temperature (DCM) Average Count Bytes 392-393",
                    "dataValue": ""
                },
                {
                    "recordType": 3,
                    "address": "41974",
                    "description": "String Temperature (DCM) Average Count Bytes 394-395",
                    "dataValue": ""
                },
                {
                    "recordType": 3,
                    "address": "41975",
                    "description": "String Temperature (DCM) Average Count Bytes 396-397",
                    "dataValue": ""
                },
                {
                    "recordType": 3,
                    "address": "41976",
                    "description": "String Temperature (DCM) Average Count Bytes 398-399",
                    "dataValue": ""
                }
            ]
        },
        {
            "type": 0,
            "name": "String Temperature (DCM) Average Count 2",
            "records": [
                {
                    "recordType": 3,
                    "address": "41977",
                    "description": "String Temperature (DCM) Average Count Bytes 400-401",
                    "dataValue": ""
                },
                {
                    "recordType": 3,
                    "address": "41978",
                    "description": "String Temperature (DCM) Average Count Bytes 402-403",
                    "dataValue": ""
                },
                {
                    "recordType": 3,
                    "address": "41979",
                    "description": "String Temperature (DCM) Average Count Bytes 404-405",
                    "dataValue": ""
                },
                {
                    "recordType": 3,
                    "address": "41980",
                    "description": "String Temperature (DCM) Average Count Bytes 406-407",
                    "dataValue": ""
                },
                {
                    "recordType": 3,
                    "address": "41981",
                    "description": "String Temperature (DCM) Average Count Bytes 408-409",
                    "dataValue": ""
                },
                {
                    "recordType": 3,
                    "address": "41982",
                    "description": "String Temperature (DCM) Average Count Bytes 410-411",
                    "dataValue": ""
                },
                {
                    "recordType": 3,
                    "address": "41983",
                    "description": "String Temperature (DCM) Average Count Bytes 412-413",
                    "dataValue": ""
                },
                {
                    "recordType": 3,
                    "address": "41984",
                    "description": "String Temperature (DCM) Average Count Bytes 414-415",
                    "dataValue": ""
                },
                {
                    "recordType": 3,
                    "address": "41985",
                    "description": "String Temperature (DCM) Average Count Bytes 416-417",
                    "dataValue": ""
                },
                {
                    "recordType": 3,
                    "address": "41986",
                    "description": "String Temperature (DCM) Average Count Bytes 418-419",
                    "dataValue": ""
                },
                {
                    "recordType": 3,
                    "address": "41987",
                    "description": "String Temperature (DCM) Average Count Bytes 420-421",
                    "dataValue": ""
                },
                {
                    "recordType": 3,
                    "address": "41988",
                    "description": "String Temperature (DCM) Average Count Bytes 422-423",
                    "dataValue": ""
                },
                {
                    "recordType": 3,
                    "address": "41989",
                    "description": "String Temperature (DCM) Average Count Bytes 424-425",
                    "dataValue": ""
                },
                {
                    "recordType": 3,
                    "address": "41990",
                    "description": "String Temperature (DCM) Average Count Bytes 426-427",
                    "dataValue": ""
                },
                {
                    "recordType": 3,
                    "address": "41991",
                    "description": "String Temperature (DCM) Average Count Bytes 428-429",
                    "dataValue": ""
                },
                {
                    "recordType": 3,
                    "address": "41992",
                    "description": "String Temperature (DCM) Average Count Bytes 430-431",
                    "dataValue": ""
                },
                {
                    "recordType": 3,
                    "address": "41993",
                    "description": "String Temperature (DCM) Average Count Bytes 432-433",
                    "dataValue": ""
                },
                {
                    "recordType": 3,
                    "address": "41994",
                    "description": "String Temperature (DCM) Average Count Bytes 434-435",
                    "dataValue": ""
                },
                {
                    "recordType": 3,
                    "address": "41995",
                    "description": "String Temperature (DCM) Average Count Bytes 436-437",
                    "dataValue": ""
                },
                {
                    "recordType": 3,
                    "address": "41996",
                    "description": "String Temperature (DCM) Average Count Bytes 438-439",
                    "dataValue": ""
                },
                {
                    "recordType": 3,
                    "address": "41997",
                    "description": "String Temperature (DCM) Average Count Bytes 440-441",
                    "dataValue": ""
                },
                {
                    "recordType": 3,
                    "address": "41998",
                    "description": "String Temperature (DCM) Average Count Bytes 442-443",
                    "dataValue": ""
                },
                {
                    "recordType": 3,
                    "address": "41999",
                    "description": "String Temperature (DCM) Average Count Bytes 444-445",
                    "dataValue": ""
                },
                {
                    "recordType": 3,
                    "address": "42000",
                    "description": "String Temperature (DCM) Average Count Bytes 446-447",
                    "dataValue": ""
                },
                {
                    "recordType": 3,
                    "address": "42001",
                    "description": "String Temperature (DCM) Average Count Bytes 448-449",
                    "dataValue": ""
                },
                {
                    "recordType": 3,
                    "address": "42002",
                    "description": "String Temperature (DCM) Average Count Bytes 450-451",
                    "dataValue": ""
                },
                {
                    "recordType": 3,
                    "address": "42003",
                    "description": "String Temperature (DCM) Average Count Bytes 452-453",
                    "dataValue": ""
                },
                {
                    "recordType": 3,
                    "address": "42004",
                    "description": "String Temperature (DCM) Average Count Bytes 454-455",
                    "dataValue": ""
                },
                {
                    "recordType": 3,
                    "address": "42005",
                    "description": "String Temperature (DCM) Average Count Bytes 456-457",
                    "dataValue": ""
                },
                {
                    "recordType": 3,
                    "address": "42006",
                    "description": "String Temperature (DCM) Average Count Bytes 458-459",
                    "dataValue": ""
                },
                {
                    "recordType": 3,
                    "address": "42007",
                    "description": "String Temperature (DCM) Average Count Bytes 460-461",
                    "dataValue": ""
                },
                {
                    "recordType": 3,
                    "address": "42008",
                    "description": "String Temperature (DCM) Average Count Bytes 462-463",
                    "dataValue": ""
                },
                {
                    "recordType": 3,
                    "address": "42009",
                    "description": "String Temperature (DCM) Average Count Bytes 464-465",
                    "dataValue": ""
                },
                {
                    "recordType": 3,
                    "address": "42010",
                    "description": "String Temperature (DCM) Average Count Bytes 466-467",
                    "dataValue": ""
                },
                {
                    "recordType": 3,
                    "address": "42011",
                    "description": "String Temperature (DCM) Average Count Bytes 468-469",
                    "dataValue": ""
                },
                {
                    "recordType": 3,
                    "address": "42012",
                    "description": "String Temperature (DCM) Average Count Bytes 470-471",
                    "dataValue": ""
                },
                {
                    "recordType": 3,
                    "address": "42013",
                    "description": "String Temperature (DCM) Average Count Bytes 472-473",
                    "dataValue": ""
                },
                {
                    "recordType": 3,
                    "address": "42014",
                    "description": "String Temperature (DCM) Average Count Bytes 474-475",
                    "dataValue": ""
                },
                {
                    "recordType": 3,
                    "address": "42015",
                    "description": "String Temperature (DCM) Average Count Bytes 476-477",
                    "dataValue": ""
                },
                {
                    "recordType": 3,
                    "address": "42016",
                    "description": "String Temperature (DCM) Average Count Bytes 478-479",
                    "dataValue": ""
                },
                {
                    "recordType": 3,
                    "address": "42017",
                    "description": "String Temperature (DCM) Average Count Bytes 480-481",
                    "dataValue": ""
                },
                {
                    "recordType": 3,
                    "address": "42018",
                    "description": "String Temperature (DCM) Average Count Bytes 482-483",
                    "dataValue": ""
                },
                {
                    "recordType": 3,
                    "address": "42019",
                    "description": "String Temperature (DCM) Average Count Bytes 484-485",
                    "dataValue": ""
                },
                {
                    "recordType": 3,
                    "address": "42020",
                    "description": "String Temperature (DCM) Average Count Bytes 486-487",
                    "dataValue": ""
                },
                {
                    "recordType": 3,
                    "address": "42021",
                    "description": "String Temperature (DCM) Average Count Bytes 488-489",
                    "dataValue": ""
                },
                {
                    "recordType": 3,
                    "address": "42022",
                    "description": "String Temperature (DCM) Average Count Bytes 490-491",
                    "dataValue": ""
                },
                {
                    "recordType": 3,
                    "address": "42023",
                    "description": "String Temperature (DCM) Average Count Bytes 492-493",
                    "dataValue": ""
                },
                {
                    "recordType": 3,
                    "address": "42024",
                    "description": "String Temperature (DCM) Average Count Bytes 494-495",
                    "dataValue": ""
                },
                {
                    "recordType": 3,
                    "address": "42025",
                    "description": "String Temperature (DCM) Average Count Bytes 496-497",
                    "dataValue": ""
                },
                {
                    "recordType": 3,
                    "address": "42026",
                    "description": "String Temperature (DCM) Average Count Bytes 498-499",
                    "dataValue": ""
                },
                {
                    "recordType": 3,
                    "address": "42027",
                    "description": "String Temperature (DCM) Average Count Bytes 500-501",
                    "dataValue": ""
                },
                {
                    "recordType": 3,
                    "address": "42028",
                    "description": "String Temperature (DCM) Average Count Bytes 502-503",
                    "dataValue": ""
                },
                {
                    "recordType": 3,
                    "address": "42029",
                    "description": "String Temperature (DCM) Average Count Bytes 504-505",
                    "dataValue": ""
                },
                {
                    "recordType": 3,
                    "address": "42030",
                    "description": "String Temperature (DCM) Average Count Bytes 506-507",
                    "dataValue": ""
                },
                {
                    "recordType": 3,
                    "address": "42031",
                    "description": "String Temperature (DCM) Average Count Bytes 508-509",
                    "dataValue": ""
                },
                {
                    "recordType": 3,
                    "address": "42032",
                    "description": "String Temperature (DCM) Average Count Bytes 510-511",
                    "dataValue": ""
                }
            ]
        }
    ]
}