{
    "sequences": [
        {
            "type": 0,
            "name": "Battery 4",
            "records": [
                {
                    "recordType": 3,
                    "address": "272",
                    "description": "Battery 4 Label Bytes 00-01",
                    "dataValue": ""
                },
                {
                    "recordType": 3,
                    "address": "273",
                    "description": "Battery 4 Label Bytes 02-03",
                    "dataValue": ""
                },
                {
                    "recordType": 3,
                    "address": "274",
                    "description": "Battery 4 Label Bytes 04-05",
                    "dataValue": ""
                },
                {
                    "recordType": 3,
                    "address": "275",
                    "description": "Battery 4 Label Bytes 06-07",
                    "dataValue": ""
                },
                {
                    "recordType": 3,
                    "address": "276",
                    "description": "Battery 4 Label Bytes 08-09",
                    "dataValue": ""
                },
                {
                    "recordType": 3,
                    "address": "277",
                    "description": "Battery 4 Label Bytes 10-11",
                    "dataValue": ""
                },
                {
                    "recordType": 3,
                    "address": "278",
                    "description": "Battery 4 Label Bytes 12-13",
                    "dataValue": ""
                },
                {
                    "recordType": 3,
                    "address": "279",
                    "description": "Battery 4 Label Bytes 14-15",
                    "dataValue": ""
                },
                {
                    "recordType": 3,
                    "address": "280",
                    "description": "Battery 4 Label Bytes 16-17",
                    "dataValue": ""
                },
                {
                    "recordType": 3,
                    "address": "281",
                    "description": "Battery 4 Label Bytes 18-19",
                    "dataValue": ""
                },
                {
                    "recordType": 3,
                    "address": "282",
                    "description": "Battery 4 Label Bytes 20-21",
                    "dataValue": ""
                },
                {
                    "recordType": 3,
                    "address": "283",
                    "description": "Battery 4 Label Bytes 22-23",
                    "dataValue": ""
                },
                {
                    "recordType": 3,
                    "address": "284",
                    "description": "Battery 4 Label Bytes 24-25",
                    "dataValue": ""
                },
                {
                    "recordType": 3,
                    "address": "285",
                    "description": "Battery 4 Label Bytes 26-27",
                    "dataValue": ""
                },
                {
                    "recordType": 3,
                    "address": "286",
                    "description": "Battery 4 Label Bytes 28-29",
                    "dataValue": ""
                },
                {
                    "recordType": 3,
                    "address": "287",
                    "description": "Battery 4 Label Bytes 30-31",
                    "dataValue": ""
                },
                {
                    "recordType": 3,
                    "address": "288",
                    "description": "Battery 4 Label Bytes 32-33",
                    "dataValue": ""
                },
                {
                    "recordType": 3,
                    "address": "289",
                    "description": "Battery 4 Label Bytes 34-35",
                    "dataValue": ""
                },
                {
                    "recordType": 3,
                    "address": "290",
                    "description": "Battery 4 Label Bytes 36-37",
                    "dataValue": ""
                },
                {
                    "recordType": 3,
                    "address": "291",
                    "description": "Battery 4 Label Bytes 38-39",
                    "dataValue": ""
                },
                {
                    "recordType": 3,
                    "address": "292",
                    "description": "Battery 4 Label Bytes 40-41",
                    "dataValue": ""
                },
                {
                    "recordType": 3,
                    "address": "293",
                    "description": "Battery 4 Label Bytes 42-43",
                    "dataValue": ""
                },
                {
                    "recordType": 3,
                    "address": "294",
                    "description": "Battery 4 Label Bytes 44-45",
                    "dataValue": ""
                },
                {
                    "recordType": 3,
                    "address": "295",
                    "description": "Battery 4 Label Bytes 46-47",
                    "dataValue": ""
                },
                {
                    "recordType": 3,
                    "address": "296",
                    "description": "Battery 4 Label Bytes 48-49",
                    "dataValue": ""
                },
                {
                    "recordType": 3,
                    "address": "297",
                    "description": "Battery 4 Label Bytes 50-51",
                    "dataValue": ""
                },
                {
                    "recordType": 3,
                    "address": "298",
                    "description": "Battery 4 Label Bytes 52-53",
                    "dataValue": ""
                },
                {
                    "recordType": 3,
                    "address": "299",
                    "description": "Battery 4 Label Bytes 54-55",
                    "dataValue": ""
                },
                {
                    "recordType": 3,
                    "address": "300",
                    "description": "Battery 4 Label Bytes 56-57",
                    "dataValue": ""
                },
                {
                    "recordType": 3,
                    "address": "301",
                    "description": "Battery 4 Label Bytes 58-59",
                    "dataValue": ""
                },
                {
                    "recordType": 3,
                    "address": "302",
                    "description": "Battery 4 Label Bytes 60-61",
                    "dataValue": ""
                },
                {
                    "recordType": 3,
                    "address": "303",
                    "description": "Battery 4 Label Bytes 62-63",
                    "dataValue": ""
                },
                {
                    "recordType": 3,
                    "address": "304",
                    "description": "Battery 4 String Count",
                    "dataValue": ""
                },
                {
                    "recordType": 3,
                    "address": "305",
                    "description": "Battery 4 Status (LSW)",
                    "dataValue": ""
                },
                {
                    "recordType": 3,
                    "address": "306",
                    "description": "Battery 4 Status (MSW)",
                    "dataValue": ""
                },
                {
                    "recordType": 4,
                    "address": "Int32(HR306,HR305)",
                    "description": "Battery 4 Status",
                    "dataValue": 0
                },
                {
                    "recordType": 4,
                    "address": "String(HR272,HR273,HR274,HR275,HR276,HR277,HR278,HR279,HR280,HR281,HR282,HR283,HR284,HR285,HR286,HR287,HR288,HR289,HR290,HR291,HR292,HR293,HR294,HR295,HR296,HR297,HR298,HR299,HR300,HR301,HR302,HR303)",
                    "description": "Battery 4 Label",
                    "dataValue": "\u0000\u0000\u0000\u0000\u0000\u0000\u0000\u0000\u0000\u0000\u0000\u0000\u0000\u0000\u0000\u0000\u0000\u0000\u0000\u0000\u0000\u0000\u0000\u0000\u0000\u0000\u0000\u0000\u0000\u0000\u0000\u0000\u0000\u0000\u0000\u0000\u0000\u0000\u0000\u0000\u0000\u0000\u0000\u0000\u0000\u0000\u0000\u0000\u0000\u0000\u0000\u0000\u0000\u0000\u0000\u0000\u0000\u0000\u0000\u0000\u0000\u0000\u0000\u0000"
                }
            ]
        }
    ]
}