{
    "sequences": [
        {
            "type": 0,
            "name": "Battery 1",
            "records": [
                {
                    "recordType": 3,
                    "address": "128",
                    "description": "Battery 1 Label Bytes 00-01",
                    "dataValue": ""
                },
                {
                    "recordType": 3,
                    "address": "129",
                    "description": "Battery 1 Label Bytes 02-03",
                    "dataValue": ""
                },
                {
                    "recordType": 3,
                    "address": "130",
                    "description": "Battery 1 Label Bytes 04-05",
                    "dataValue": ""
                },
                {
                    "recordType": 3,
                    "address": "131",
                    "description": "Battery 1 Label Bytes 06-07",
                    "dataValue": ""
                },
                {
                    "recordType": 3,
                    "address": "132",
                    "description": "Battery 1 Label Bytes 08-09",
                    "dataValue": ""
                },
                {
                    "recordType": 3,
                    "address": "133",
                    "description": "Battery 1 Label Bytes 10-11",
                    "dataValue": ""
                },
                {
                    "recordType": 3,
                    "address": "134",
                    "description": "Battery 1 Label Bytes 12-13",
                    "dataValue": ""
                },
                {
                    "recordType": 3,
                    "address": "135",
                    "description": "Battery 1 Label Bytes 14-15",
                    "dataValue": ""
                },
                {
                    "recordType": 3,
                    "address": "136",
                    "description": "Battery 1 Label Bytes 16-17",
                    "dataValue": ""
                },
                {
                    "recordType": 3,
                    "address": "137",
                    "description": "Battery 1 Label Bytes 18-19",
                    "dataValue": ""
                },
                {
                    "recordType": 3,
                    "address": "138",
                    "description": "Battery 1 Label Bytes 20-21",
                    "dataValue": ""
                },
                {
                    "recordType": 3,
                    "address": "139",
                    "description": "Battery 1 Label Bytes 22-23",
                    "dataValue": ""
                },
                {
                    "recordType": 3,
                    "address": "140",
                    "description": "Battery 1 Label Bytes 24-25",
                    "dataValue": ""
                },
                {
                    "recordType": 3,
                    "address": "141",
                    "description": "Battery 1 Label Bytes 26-27",
                    "dataValue": ""
                },
                {
                    "recordType": 3,
                    "address": "142",
                    "description": "Battery 1 Label Bytes 28-29",
                    "dataValue": ""
                },
                {
                    "recordType": 3,
                    "address": "143",
                    "description": "Battery 1 Label Bytes 30-31",
                    "dataValue": ""
                },
                {
                    "recordType": 3,
                    "address": "144",
                    "description": "Battery 1 Label Bytes 32-33",
                    "dataValue": ""
                },
                {
                    "recordType": 3,
                    "address": "145",
                    "description": "Battery 1 Label Bytes 34-35",
                    "dataValue": ""
                },
                {
                    "recordType": 3,
                    "address": "146",
                    "description": "Battery 1 Label Bytes 36-37",
                    "dataValue": ""
                },
                {
                    "recordType": 3,
                    "address": "147",
                    "description": "Battery 1 Label Bytes 38-39",
                    "dataValue": ""
                },
                {
                    "recordType": 3,
                    "address": "148",
                    "description": "Battery 1 Label Bytes 40-41",
                    "dataValue": ""
                },
                {
                    "recordType": 3,
                    "address": "149",
                    "description": "Battery 1 Label Bytes 42-43",
                    "dataValue": ""
                },
                {
                    "recordType": 3,
                    "address": "150",
                    "description": "Battery 1 Label Bytes 44-45",
                    "dataValue": ""
                },
                {
                    "recordType": 3,
                    "address": "151",
                    "description": "Battery 1 Label Bytes 46-47",
                    "dataValue": ""
                },
                {
                    "recordType": 3,
                    "address": "152",
                    "description": "Battery 1 Label Bytes 48-49",
                    "dataValue": ""
                },
                {
                    "recordType": 3,
                    "address": "153",
                    "description": "Battery 1 Label Bytes 50-51",
                    "dataValue": ""
                },
                {
                    "recordType": 3,
                    "address": "154",
                    "description": "Battery 1 Label Bytes 52-53",
                    "dataValue": ""
                },
                {
                    "recordType": 3,
                    "address": "155",
                    "description": "Battery 1 Label Bytes 54-55",
                    "dataValue": ""
                },
                {
                    "recordType": 3,
                    "address": "156",
                    "description": "Battery 1 Label Bytes 56-57",
                    "dataValue": ""
                },
                {
                    "recordType": 3,
                    "address": "157",
                    "description": "Battery 1 Label Bytes 58-59",
                    "dataValue": ""
                },
                {
                    "recordType": 3,
                    "address": "158",
                    "description": "Battery 1 Label Bytes 60-61",
                    "dataValue": ""
                },
                {
                    "recordType": 3,
                    "address": "159",
                    "description": "Battery 1 Label Bytes 62-63",
                    "dataValue": ""
                },
                {
                    "recordType": 3,
                    "address": "160",
                    "description": "Battery 1 String Count",
                    "dataValue": ""
                },
                {
                    "recordType": 3,
                    "address": "161",
                    "description": "Battery 1 Status (LSW)",
                    "dataValue": ""
                },
                {
                    "recordType": 3,
                    "address": "162",
                    "description": "Battery 1 Status (MSW)",
                    "dataValue": ""
                },
                {
                    "recordType": 4,
                    "address": "Int32(HR162,HR161)",
                    "description": "Battery 1 Status",
                    "dataValue": 0
                },
                {
                    "recordType": 4,
                    "address": "String(HR128,HR129,HR130,HR131,HR132,HR133,HR134,HR135,HR136,HR137,HR138,HR139,HR140,HR141,HR142,HR143,HR144,HR145,HR146,HR147,HR148,HR149,HR150,HR151,HR152,HR153,HR154,HR155,HR156,HR157,HR158,HR159)",
                    "description": "Battery 1 Label",
                    "dataValue": "Battery 1\u0000\u0000\u0000\u0000\u0000\u0000\u0000\u0000\u0000\u0000\u0000\u0000\u0000\u0000\u0000\u0000\u0000\u0000\u0000\u0000\u0000\u0000\u0000\u0000\u0000\u0000\u0000\u0000\u0000\u0000\u0000\u0000\u0000\u0000\u0000\u0000\u0000\u0000\u0000\u0000\u0000\u0000\u0000\u0000\u0000\u0000\u0000\u0000\u0000\u0000\u0000\u0000\u0000\u0000\u0000"
                }
            ]
        }
    ]
}