<?xml version="1.0" standalone="yes"?>
<DataSet>
  <xs:schema id="DataSet" xmlns:xs="http://www.w3.org/2001/XMLSchema" xmlns:ext="urn:schemas-microsoft-com:xml-msdata">
    <xs:element name="DataSet">
      <xs:complexType>
        <xs:choice minOccurs="0" maxOccurs="unbounded">
          <xs:element name="History">
            <xs:complexType>
              <xs:sequence>
                <xs:element name="SignalID" ext:DataType="System.Guid" type="xs:string" minOccurs="0" />
                <xs:element name="Timestamp" type="xs:long" minOccurs="0" />
                <xs:element name="Value" type="xs:double" minOccurs="0" />
              </xs:sequence>
            </xs:complexType>
          </xs:element>
        </xs:choice>
      </xs:complexType>
    </xs:element>
  </xs:schema>
  <History>
    <SignalID>6586f230-8e7f-4f0f-9e18-1eefee4b9edd</SignalID>
    <Timestamp>636870665741515840</Timestamp>
    <Value>60.068225860595703</Value>
  </History>
  <History>
    <SignalID>60c97530-2ed2-4abb-a7a2-99e2170479a4</SignalID>
    <Timestamp>636870665741515840</Timestamp>
    <Value>1.5117038488388062</Value>
  </History>
  <History>
    <SignalID>aa47a61c-8596-46af-8c28-f9ee774bcf26</SignalID>
    <Timestamp>636870665741515840</Timestamp>
    <Value>129.94476318359375</Value>
  </History>
  <History>
    <SignalID>4ab24720-3763-407c-afa0-15f0d69ac897</SignalID>
    <Timestamp>636870665741515840</Timestamp>
    <Value>476.2352294921875</Value>
  </History>
  <History>
    <SignalID>6586f230-8e7f-4f0f-9e18-1eefee4b9edd</SignalID>
    <Timestamp>636870665741855900</Timestamp>
    <Value>59.987697601318359</Value>
  </History>
  <History>
    <SignalID>60c97530-2ed2-4abb-a7a2-99e2170479a4</SignalID>
    <Timestamp>636870665741855900</Timestamp>
    <Value>-0.73561817407608032</Value>
  </History>
  <History>
    <SignalID>aa47a61c-8596-46af-8c28-f9ee774bcf26</SignalID>
    <Timestamp>636870665741855900</Timestamp>
    <Value>150.24261474609375</Value>
  </History>
  <History>
    <SignalID>4ab24720-3763-407c-afa0-15f0d69ac897</SignalID>
    <Timestamp>636870665741855900</Timestamp>
    <Value>498.24517822265625</Value>
  </History>
  <History>
    <SignalID>6586f230-8e7f-4f0f-9e18-1eefee4b9edd</SignalID>
    <Timestamp>636870665742206340</Timestamp>
    <Value>60.051700592041016</Value>
  </History>
  <History>
    <SignalID>60c97530-2ed2-4abb-a7a2-99e2170479a4</SignalID>
    <Timestamp>636870665742206340</Timestamp>
    <Value>1.3259681463241577</Value>
  </History>
  <History>
    <SignalID>aa47a61c-8596-46af-8c28-f9ee774bcf26</SignalID>
    <Timestamp>636870665742206340</Timestamp>
    <Value>-76.719871520996094</Value>
  </History>
  <History>
    <SignalID>4ab24720-3763-407c-afa0-15f0d69ac897</SignalID>
    <Timestamp>636870665742206340</Timestamp>
    <Value>494.76608276367188</Value>
  </History>
  <History>
    <SignalID>6586f230-8e7f-4f0f-9e18-1eefee4b9edd</SignalID>
    <Timestamp>636870665742546359</Timestamp>
    <Value>60.094932556152344</Value>
  </History>
  <History>
    <SignalID>60c97530-2ed2-4abb-a7a2-99e2170479a4</SignalID>
    <Timestamp>636870665742546359</Timestamp>
    <Value>1.842768669128418</Value>
  </History>
  <History>
    <SignalID>aa47a61c-8596-46af-8c28-f9ee774bcf26</SignalID>
    <Timestamp>636870665742546359</Timestamp>
    <Value>98.918426513671875</Value>
  </History>
  <History>
    <SignalID>4ab24720-3763-407c-afa0-15f0d69ac897</SignalID>
    <Timestamp>636870665742546359</Timestamp>
    <Value>482.70059204101563</Value>
  </History>
  <History>
    <SignalID>6586f230-8e7f-4f0f-9e18-1eefee4b9edd</SignalID>
    <Timestamp>636870665742886290</Timestamp>
    <Value>59.952827453613281</Value>
  </History>
  <History>
    <SignalID>60c97530-2ed2-4abb-a7a2-99e2170479a4</SignalID>
    <Timestamp>636870665742886290</Timestamp>
    <Value>-0.74996185302734375</Value>
  </History>
  <History>
    <SignalID>aa47a61c-8596-46af-8c28-f9ee774bcf26</SignalID>
    <Timestamp>636870665742886290</Timestamp>
    <Value>152.45643615722656</Value>
  </History>
  <History>
    <SignalID>4ab24720-3763-407c-afa0-15f0d69ac897</SignalID>
    <Timestamp>636870665742886290</Timestamp>
    <Value>484.15631103515625</Value>
  </History>
  <History>
    <SignalID>6586f230-8e7f-4f0f-9e18-1eefee4b9edd</SignalID>
    <Timestamp>636870665743235840</Timestamp>
    <Value>59.954391479492188</Value>
  </History>
  <History>
    <SignalID>60c97530-2ed2-4abb-a7a2-99e2170479a4</SignalID>
    <Timestamp>636870665743235840</Timestamp>
    <Value>-0.54377877712249756</Value>
  </History>
  <History>
    <SignalID>aa47a61c-8596-46af-8c28-f9ee774bcf26</SignalID>
    <Timestamp>636870665743235840</Timestamp>
    <Value>176.93472290039063</Value>
  </History>
  <History>
    <SignalID>4ab24720-3763-407c-afa0-15f0d69ac897</SignalID>
    <Timestamp>636870665743235840</Timestamp>
    <Value>485.11001586914063</Value>
  </History>
  <History>
    <SignalID>6586f230-8e7f-4f0f-9e18-1eefee4b9edd</SignalID>
    <Timestamp>636870665743575920</Timestamp>
    <Value>60.073917388916016</Value>
  </History>
  <History>
    <SignalID>60c97530-2ed2-4abb-a7a2-99e2170479a4</SignalID>
    <Timestamp>636870665743575920</Timestamp>
    <Value>1.1345560550689697</Value>
  </History>
  <History>
    <SignalID>aa47a61c-8596-46af-8c28-f9ee774bcf26</SignalID>
    <Timestamp>636870665743575920</Timestamp>
    <Value>-35.278175354003906</Value>
  </History>
  <History>
    <SignalID>4ab24720-3763-407c-afa0-15f0d69ac897</SignalID>
    <Timestamp>636870665743575920</Timestamp>
    <Value>538.06573486328125</Value>
  </History>
  <History>
    <SignalID>6586f230-8e7f-4f0f-9e18-1eefee4b9edd</SignalID>
    <Timestamp>636870665743926250</Timestamp>
    <Value>60.083942413330078</Value>
  </History>
  <History>
    <SignalID>60c97530-2ed2-4abb-a7a2-99e2170479a4</SignalID>
    <Timestamp>636870665743926250</Timestamp>
    <Value>-0.79531234502792358</Value>
  </History>
  <History>
    <SignalID>aa47a61c-8596-46af-8c28-f9ee774bcf26</SignalID>
    <Timestamp>636870665743926250</Timestamp>
    <Value>90.162055969238281</Value>
  </History>
  <History>
    <SignalID>4ab24720-3763-407c-afa0-15f0d69ac897</SignalID>
    <Timestamp>636870665743926250</Timestamp>
    <Value>544.5081787109375</Value>
  </History>
  <History>
    <SignalID>6586f230-8e7f-4f0f-9e18-1eefee4b9edd</SignalID>
    <Timestamp>636870665744275890</Timestamp>
    <Value>59.99725341796875</Value>
  </History>
  <History>
    <SignalID>60c97530-2ed2-4abb-a7a2-99e2170479a4</SignalID>
    <Timestamp>636870665744275890</Timestamp>
    <Value>1.9892574548721313</Value>
  </History>
  <History>
    <SignalID>aa47a61c-8596-46af-8c28-f9ee774bcf26</SignalID>
    <Timestamp>636870665744275890</Timestamp>
    <Value>103.06588745117188</Value>
  </History>
  <History>
    <SignalID>4ab24720-3763-407c-afa0-15f0d69ac897</SignalID>
    <Timestamp>636870665744275890</Timestamp>
    <Value>497.47457885742188</Value>
  </History>
  <History>
    <SignalID>6586f230-8e7f-4f0f-9e18-1eefee4b9edd</SignalID>
    <Timestamp>636870665744615790</Timestamp>
    <Value>60.053131103515625</Value>
  </History>
  <History>
    <SignalID>60c97530-2ed2-4abb-a7a2-99e2170479a4</SignalID>
    <Timestamp>636870665744615790</Timestamp>
    <Value>-0.38813439011573792</Value>
  </History>
  <History>
    <SignalID>aa47a61c-8596-46af-8c28-f9ee774bcf26</SignalID>
    <Timestamp>636870665744615790</Timestamp>
    <Value>151.74778747558594</Value>
  </History>
  <History>
    <SignalID>4ab24720-3763-407c-afa0-15f0d69ac897</SignalID>
    <Timestamp>636870665744615790</Timestamp>
    <Value>531.33795166015625</Value>
  </History>
  <History>
    <SignalID>6586f230-8e7f-4f0f-9e18-1eefee4b9edd</SignalID>
    <Timestamp>636870665744965760</Timestamp>
    <Value>60.065761566162109</Value>
  </History>
  <History>
    <SignalID>60c97530-2ed2-4abb-a7a2-99e2170479a4</SignalID>
    <Timestamp>636870665744965760</Timestamp>
    <Value>-0.39570298790931702</Value>
  </History>
  <History>
    <SignalID>aa47a61c-8596-46af-8c28-f9ee774bcf26</SignalID>
    <Timestamp>636870665744965760</Timestamp>
    <Value>151.58848571777344</Value>
  </History>
  <History>
    <SignalID>4ab24720-3763-407c-afa0-15f0d69ac897</SignalID>
    <Timestamp>636870665744965760</Timestamp>
    <Value>493.833740234375</Value>
  </History>
  <History>
    <SignalID>6586f230-8e7f-4f0f-9e18-1eefee4b9edd</SignalID>
    <Timestamp>636870665745295770</Timestamp>
    <Value>59.989006042480469</Value>
  </History>
  <History>
    <SignalID>60c97530-2ed2-4abb-a7a2-99e2170479a4</SignalID>
    <Timestamp>636870665745295770</Timestamp>
    <Value>1.4862513542175293</Value>
  </History>
  <History>
    <SignalID>aa47a61c-8596-46af-8c28-f9ee774bcf26</SignalID>
    <Timestamp>636870665745295770</Timestamp>
    <Value>-56.531875610351563</Value>
  </History>
  <History>
    <SignalID>4ab24720-3763-407c-afa0-15f0d69ac897</SignalID>
    <Timestamp>636870665745295770</Timestamp>
    <Value>547.053466796875</Value>
  </History>
  <History>
    <SignalID>6586f230-8e7f-4f0f-9e18-1eefee4b9edd</SignalID>
    <Timestamp>636870665745635730</Timestamp>
    <Value>59.971393585205078</Value>
  </History>
  <History>
    <SignalID>60c97530-2ed2-4abb-a7a2-99e2170479a4</SignalID>
    <Timestamp>636870665745635730</Timestamp>
    <Value>-0.67262792587280273</Value>
  </History>
  <History>
    <SignalID>aa47a61c-8596-46af-8c28-f9ee774bcf26</SignalID>
    <Timestamp>636870665745635730</Timestamp>
    <Value>-25.247352600097656</Value>
  </History>
  <History>
    <SignalID>4ab24720-3763-407c-afa0-15f0d69ac897</SignalID>
    <Timestamp>636870665745635730</Timestamp>
    <Value>536.65423583984375</Value>
  </History>
  <History>
    <SignalID>6586f230-8e7f-4f0f-9e18-1eefee4b9edd</SignalID>
    <Timestamp>636870665745965740</Timestamp>
    <Value>60.083461761474609</Value>
  </History>
  <History>
    <SignalID>60c97530-2ed2-4abb-a7a2-99e2170479a4</SignalID>
    <Timestamp>636870665745965740</Timestamp>
    <Value>1.4159977436065674</Value>
  </History>
  <History>
    <SignalID>aa47a61c-8596-46af-8c28-f9ee774bcf26</SignalID>
    <Timestamp>636870665745965740</Timestamp>
    <Value>108.0428466796875</Value>
  </History>
  <History>
    <SignalID>4ab24720-3763-407c-afa0-15f0d69ac897</SignalID>
    <Timestamp>636870665745965740</Timestamp>
    <Value>537.36077880859375</Value>
  </History>
  <History>
    <SignalID>6586f230-8e7f-4f0f-9e18-1eefee4b9edd</SignalID>
    <Timestamp>636870665746295740</Timestamp>
    <Value>59.974727630615234</Value>
  </History>
  <History>
    <SignalID>60c97530-2ed2-4abb-a7a2-99e2170479a4</SignalID>
    <Timestamp>636870665746295740</Timestamp>
    <Value>-0.28894925117492676</Value>
  </History>
  <History>
    <SignalID>aa47a61c-8596-46af-8c28-f9ee774bcf26</SignalID>
    <Timestamp>636870665746295740</Timestamp>
    <Value>-0.29114657640457153</Value>
  </History>
  <History>
    <SignalID>4ab24720-3763-407c-afa0-15f0d69ac897</SignalID>
    <Timestamp>636870665746295740</Timestamp>
    <Value>496.94967651367188</Value>
  </History>
  <History>
    <SignalID>6586f230-8e7f-4f0f-9e18-1eefee4b9edd</SignalID>
    <Timestamp>636870665746635730</Timestamp>
    <Value>60.080623626708984</Value>
  </History>
  <History>
    <SignalID>60c97530-2ed2-4abb-a7a2-99e2170479a4</SignalID>
    <Timestamp>636870665746635730</Timestamp>
    <Value>1.7052522897720337</Value>
  </History>
  <History>
    <SignalID>aa47a61c-8596-46af-8c28-f9ee774bcf26</SignalID>
    <Timestamp>636870665746635730</Timestamp>
    <Value>-37.903987884521484</Value>
  </History>
  <History>
    <SignalID>4ab24720-3763-407c-afa0-15f0d69ac897</SignalID>
    <Timestamp>636870665746635730</Timestamp>
    <Value>494.21978759765625</Value>
  </History>
  <History>
    <SignalID>6586f230-8e7f-4f0f-9e18-1eefee4b9edd</SignalID>
    <Timestamp>636870665746985730</Timestamp>
    <Value>60.055320739746094</Value>
  </History>
  <History>
    <SignalID>60c97530-2ed2-4abb-a7a2-99e2170479a4</SignalID>
    <Timestamp>636870665746985730</Timestamp>
    <Value>-0.028504287824034691</Value>
  </History>
  <History>
    <SignalID>aa47a61c-8596-46af-8c28-f9ee774bcf26</SignalID>
    <Timestamp>636870665746985730</Timestamp>
    <Value>-20.479141235351563</Value>
  </History>
  <History>
    <SignalID>4ab24720-3763-407c-afa0-15f0d69ac897</SignalID>
    <Timestamp>636870665746985730</Timestamp>
    <Value>477.27438354492188</Value>
  </History>
  <History>
    <SignalID>6586f230-8e7f-4f0f-9e18-1eefee4b9edd</SignalID>
    <Timestamp>636870665747325870</Timestamp>
    <Value>60.075222015380859</Value>
  </History>
  <History>
    <SignalID>60c97530-2ed2-4abb-a7a2-99e2170479a4</SignalID>
    <Timestamp>636870665747325870</Timestamp>
    <Value>1.3722952604293823</Value>
  </History>
  <History>
    <SignalID>aa47a61c-8596-46af-8c28-f9ee774bcf26</SignalID>
    <Timestamp>636870665747325870</Timestamp>
    <Value>97.819755554199219</Value>
  </History>
  <History>
    <SignalID>4ab24720-3763-407c-afa0-15f0d69ac897</SignalID>
    <Timestamp>636870665747325870</Timestamp>
    <Value>496.30572509765625</Value>
  </History>
  <History>
    <SignalID>6586f230-8e7f-4f0f-9e18-1eefee4b9edd</SignalID>
    <Timestamp>636870665747665760</Timestamp>
    <Value>59.956329345703125</Value>
  </History>
  <History>
    <SignalID>60c97530-2ed2-4abb-a7a2-99e2170479a4</SignalID>
    <Timestamp>636870665747665760</Timestamp>
    <Value>-0.40388196706771851</Value>
  </History>
  <History>
    <SignalID>aa47a61c-8596-46af-8c28-f9ee774bcf26</SignalID>
    <Timestamp>636870665747665760</Timestamp>
    <Value>125.31937408447266</Value>
  </History>
  <History>
    <SignalID>4ab24720-3763-407c-afa0-15f0d69ac897</SignalID>
    <Timestamp>636870665747665760</Timestamp>
    <Value>485.48233032226563</Value>
  </History>
  <History>
    <SignalID>6586f230-8e7f-4f0f-9e18-1eefee4b9edd</SignalID>
    <Timestamp>636870665747995770</Timestamp>
    <Value>59.956329345703125</Value>
  </History>
  <History>
    <SignalID>60c97530-2ed2-4abb-a7a2-99e2170479a4</SignalID>
    <Timestamp>636870665747995770</Timestamp>
    <Value>-0.46485793590545654</Value>
  </History>
  <History>
    <SignalID>aa47a61c-8596-46af-8c28-f9ee774bcf26</SignalID>
    <Timestamp>636870665747995770</Timestamp>
    <Value>104.0162353515625</Value>
  </History>
  <History>
    <SignalID>4ab24720-3763-407c-afa0-15f0d69ac897</SignalID>
    <Timestamp>636870665747995770</Timestamp>
    <Value>526.62890625</Value>
  </History>
  <History>
    <SignalID>6586f230-8e7f-4f0f-9e18-1eefee4b9edd</SignalID>
    <Timestamp>636870665748345730</Timestamp>
    <Value>60.062870025634766</Value>
  </History>
  <History>
    <SignalID>60c97530-2ed2-4abb-a7a2-99e2170479a4</SignalID>
    <Timestamp>636870665748345730</Timestamp>
    <Value>-0.32038331031799316</Value>
  </History>
  <History>
    <SignalID>aa47a61c-8596-46af-8c28-f9ee774bcf26</SignalID>
    <Timestamp>636870665748345730</Timestamp>
    <Value>90.744346618652344</Value>
  </History>
  <History>
    <SignalID>4ab24720-3763-407c-afa0-15f0d69ac897</SignalID>
    <Timestamp>636870665748345730</Timestamp>
    <Value>548.152099609375</Value>
  </History>
  <History>
    <SignalID>6586f230-8e7f-4f0f-9e18-1eefee4b9edd</SignalID>
    <Timestamp>636870665748695710</Timestamp>
    <Value>60.069576263427734</Value>
  </History>
  <History>
    <SignalID>60c97530-2ed2-4abb-a7a2-99e2170479a4</SignalID>
    <Timestamp>636870665748695710</Timestamp>
    <Value>1.8496047258377075</Value>
  </History>
  <History>
    <SignalID>aa47a61c-8596-46af-8c28-f9ee774bcf26</SignalID>
    <Timestamp>636870665748695710</Timestamp>
    <Value>-34.190498352050781</Value>
  </History>
  <History>
    <SignalID>4ab24720-3763-407c-afa0-15f0d69ac897</SignalID>
    <Timestamp>636870665748695710</Timestamp>
    <Value>483.20260620117188</Value>
  </History>
  <History>
    <SignalID>6586f230-8e7f-4f0f-9e18-1eefee4b9edd</SignalID>
    <Timestamp>636870665749026110</Timestamp>
    <Value>59.982166290283203</Value>
  </History>
  <History>
    <SignalID>60c97530-2ed2-4abb-a7a2-99e2170479a4</SignalID>
    <Timestamp>636870665749026110</Timestamp>
    <Value>1.9903562068939209</Value>
  </History>
  <History>
    <SignalID>aa47a61c-8596-46af-8c28-f9ee774bcf26</SignalID>
    <Timestamp>636870665749026110</Timestamp>
    <Value>-82.339546203613281</Value>
  </History>
  <History>
    <SignalID>4ab24720-3763-407c-afa0-15f0d69ac897</SignalID>
    <Timestamp>636870665749026110</Timestamp>
    <Value>549.90081787109375</Value>
  </History>
  <History>
    <SignalID>6586f230-8e7f-4f0f-9e18-1eefee4b9edd</SignalID>
    <Timestamp>636870665749365750</Timestamp>
    <Value>59.990249633789063</Value>
  </History>
  <History>
    <SignalID>60c97530-2ed2-4abb-a7a2-99e2170479a4</SignalID>
    <Timestamp>636870665749365750</Timestamp>
    <Value>1.2503433227539063</Value>
  </History>
  <History>
    <SignalID>aa47a61c-8596-46af-8c28-f9ee774bcf26</SignalID>
    <Timestamp>636870665749365750</Timestamp>
    <Value>-16.990875244140625</Value>
  </History>
  <History>
    <SignalID>4ab24720-3763-407c-afa0-15f0d69ac897</SignalID>
    <Timestamp>636870665749365750</Timestamp>
    <Value>478.1136474609375</Value>
  </History>
  <History>
    <SignalID>6586f230-8e7f-4f0f-9e18-1eefee4b9edd</SignalID>
    <Timestamp>636870665749715720</Timestamp>
    <Value>60.093151092529297</Value>
  </History>
  <History>
    <SignalID>60c97530-2ed2-4abb-a7a2-99e2170479a4</SignalID>
    <Timestamp>636870665749715720</Timestamp>
    <Value>-0.096865750849246979</Value>
  </History>
  <History>
    <SignalID>aa47a61c-8596-46af-8c28-f9ee774bcf26</SignalID>
    <Timestamp>636870665749715720</Timestamp>
    <Value>161.03152465820313</Value>
  </History>
  <History>
    <SignalID>4ab24720-3763-407c-afa0-15f0d69ac897</SignalID>
    <Timestamp>636870665749715720</Timestamp>
    <Value>485.49911499023438</Value>
  </History>
  <History>
    <SignalID>6586f230-8e7f-4f0f-9e18-1eefee4b9edd</SignalID>
    <Timestamp>636870665750066080</Timestamp>
    <Value>59.977268218994141</Value>
  </History>
  <History>
    <SignalID>60c97530-2ed2-4abb-a7a2-99e2170479a4</SignalID>
    <Timestamp>636870665750066080</Timestamp>
    <Value>1.538132905960083</Value>
  </History>
  <History>
    <SignalID>aa47a61c-8596-46af-8c28-f9ee774bcf26</SignalID>
    <Timestamp>636870665750066080</Timestamp>
    <Value>-73.92926025390625</Value>
  </History>
  <History>
    <SignalID>4ab24720-3763-407c-afa0-15f0d69ac897</SignalID>
    <Timestamp>636870665750066080</Timestamp>
    <Value>489.90142822265625</Value>
  </History>
  <History>
    <SignalID>6586f230-8e7f-4f0f-9e18-1eefee4b9edd</SignalID>
    <Timestamp>636870665750415690</Timestamp>
    <Value>60.062808990478516</Value>
  </History>
  <History>
    <SignalID>60c97530-2ed2-4abb-a7a2-99e2170479a4</SignalID>
    <Timestamp>636870665750415690</Timestamp>
    <Value>1.2082887887954712</Value>
  </History>
  <History>
    <SignalID>aa47a61c-8596-46af-8c28-f9ee774bcf26</SignalID>
    <Timestamp>636870665750415690</Timestamp>
    <Value>-81.290321350097656</Value>
  </History>
  <History>
    <SignalID>4ab24720-3763-407c-afa0-15f0d69ac897</SignalID>
    <Timestamp>636870665750415690</Timestamp>
    <Value>476.68234252929688</Value>
  </History>
  <History>
    <SignalID>6586f230-8e7f-4f0f-9e18-1eefee4b9edd</SignalID>
    <Timestamp>636870665750755690</Timestamp>
    <Value>60.059783935546875</Value>
  </History>
  <History>
    <SignalID>60c97530-2ed2-4abb-a7a2-99e2170479a4</SignalID>
    <Timestamp>636870665750755690</Timestamp>
    <Value>1.269447922706604</Value>
  </History>
  <History>
    <SignalID>aa47a61c-8596-46af-8c28-f9ee774bcf26</SignalID>
    <Timestamp>636870665750755690</Timestamp>
    <Value>153.86273193359375</Value>
  </History>
  <History>
    <SignalID>4ab24720-3763-407c-afa0-15f0d69ac897</SignalID>
    <Timestamp>636870665750755690</Timestamp>
    <Value>541.4395751953125</Value>
  </History>
  <History>
    <SignalID>6586f230-8e7f-4f0f-9e18-1eefee4b9edd</SignalID>
    <Timestamp>636870665751105660</Timestamp>
    <Value>60.062477111816406</Value>
  </History>
  <History>
    <SignalID>60c97530-2ed2-4abb-a7a2-99e2170479a4</SignalID>
    <Timestamp>636870665751105660</Timestamp>
    <Value>1.4418164491653442</Value>
  </History>
  <History>
    <SignalID>aa47a61c-8596-46af-8c28-f9ee774bcf26</SignalID>
    <Timestamp>636870665751105660</Timestamp>
    <Value>101.83538055419922</Value>
  </History>
  <History>
    <SignalID>4ab24720-3763-407c-afa0-15f0d69ac897</SignalID>
    <Timestamp>636870665751105660</Timestamp>
    <Value>481.24331665039063</Value>
  </History>
  <History>
    <SignalID>6586f230-8e7f-4f0f-9e18-1eefee4b9edd</SignalID>
    <Timestamp>636870665751445690</Timestamp>
    <Value>59.981571197509766</Value>
  </History>
  <History>
    <SignalID>60c97530-2ed2-4abb-a7a2-99e2170479a4</SignalID>
    <Timestamp>636870665751445690</Timestamp>
    <Value>1.4758141040802002</Value>
  </History>
  <History>
    <SignalID>aa47a61c-8596-46af-8c28-f9ee774bcf26</SignalID>
    <Timestamp>636870665751445690</Timestamp>
    <Value>99.9237060546875</Value>
  </History>
  <History>
    <SignalID>4ab24720-3763-407c-afa0-15f0d69ac897</SignalID>
    <Timestamp>636870665751445690</Timestamp>
    <Value>545.25439453125</Value>
  </History>
  <History>
    <SignalID>6586f230-8e7f-4f0f-9e18-1eefee4b9edd</SignalID>
    <Timestamp>636870665751776040</Timestamp>
    <Value>59.975711822509766</Value>
  </History>
  <History>
    <SignalID>60c97530-2ed2-4abb-a7a2-99e2170479a4</SignalID>
    <Timestamp>636870665751776040</Timestamp>
    <Value>-0.37788018584251404</Value>
  </History>
  <History>
    <SignalID>aa47a61c-8596-46af-8c28-f9ee774bcf26</SignalID>
    <Timestamp>636870665751776040</Timestamp>
    <Value>108.85036468505859</Value>
  </History>
  <History>
    <SignalID>4ab24720-3763-407c-afa0-15f0d69ac897</SignalID>
    <Timestamp>636870665751776040</Timestamp>
    <Value>534.92535400390625</Value>
  </History>
  <History>
    <SignalID>6586f230-8e7f-4f0f-9e18-1eefee4b9edd</SignalID>
    <Timestamp>636870665752116110</Timestamp>
    <Value>60.058460235595703</Value>
  </History>
  <History>
    <SignalID>60c97530-2ed2-4abb-a7a2-99e2170479a4</SignalID>
    <Timestamp>636870665752116110</Timestamp>
    <Value>-0.70259714126586914</Value>
  </History>
  <History>
    <SignalID>aa47a61c-8596-46af-8c28-f9ee774bcf26</SignalID>
    <Timestamp>636870665752116110</Timestamp>
    <Value>-89.002960205078125</Value>
  </History>
  <History>
    <SignalID>4ab24720-3763-407c-afa0-15f0d69ac897</SignalID>
    <Timestamp>636870665752116110</Timestamp>
    <Value>495.980712890625</Value>
  </History>
  <History>
    <SignalID>6586f230-8e7f-4f0f-9e18-1eefee4b9edd</SignalID>
    <Timestamp>636870665752455660</Timestamp>
    <Value>60.074073791503906</Value>
  </History>
  <History>
    <SignalID>60c97530-2ed2-4abb-a7a2-99e2170479a4</SignalID>
    <Timestamp>636870665752455660</Timestamp>
    <Value>1.2240973711013794</Value>
  </History>
  <History>
    <SignalID>aa47a61c-8596-46af-8c28-f9ee774bcf26</SignalID>
    <Timestamp>636870665752455660</Timestamp>
    <Value>111.66844940185547</Value>
  </History>
  <History>
    <SignalID>4ab24720-3763-407c-afa0-15f0d69ac897</SignalID>
    <Timestamp>636870665752455660</Timestamp>
    <Value>534.55609130859375</Value>
  </History>
  <History>
    <SignalID>6586f230-8e7f-4f0f-9e18-1eefee4b9edd</SignalID>
    <Timestamp>636870665752795660</Timestamp>
    <Value>60.080451965332031</Value>
  </History>
  <History>
    <SignalID>60c97530-2ed2-4abb-a7a2-99e2170479a4</SignalID>
    <Timestamp>636870665752795660</Timestamp>
    <Value>-0.29822686314582825</Value>
  </History>
  <History>
    <SignalID>aa47a61c-8596-46af-8c28-f9ee774bcf26</SignalID>
    <Timestamp>636870665752795660</Timestamp>
    <Value>103.68663787841797</Value>
  </History>
  <History>
    <SignalID>4ab24720-3763-407c-afa0-15f0d69ac897</SignalID>
    <Timestamp>636870665752795660</Timestamp>
    <Value>543.38665771484375</Value>
  </History>
  <History>
    <SignalID>6586f230-8e7f-4f0f-9e18-1eefee4b9edd</SignalID>
    <Timestamp>636870665753145650</Timestamp>
    <Value>60.091156005859375</Value>
  </History>
  <History>
    <SignalID>60c97530-2ed2-4abb-a7a2-99e2170479a4</SignalID>
    <Timestamp>636870665753145650</Timestamp>
    <Value>1.2294076681137085</Value>
  </History>
  <History>
    <SignalID>aa47a61c-8596-46af-8c28-f9ee774bcf26</SignalID>
    <Timestamp>636870665753145650</Timestamp>
    <Value>130.98300170898438</Value>
  </History>
  <History>
    <SignalID>4ab24720-3763-407c-afa0-15f0d69ac897</SignalID>
    <Timestamp>636870665753145650</Timestamp>
    <Value>497.83929443359375</Value>
  </History>
  <History>
    <SignalID>6586f230-8e7f-4f0f-9e18-1eefee4b9edd</SignalID>
    <Timestamp>636870665753486070</Timestamp>
    <Value>60.066776275634766</Value>
  </History>
  <History>
    <SignalID>60c97530-2ed2-4abb-a7a2-99e2170479a4</SignalID>
    <Timestamp>636870665753486070</Timestamp>
    <Value>1.9530625343322754</Value>
  </History>
  <History>
    <SignalID>aa47a61c-8596-46af-8c28-f9ee774bcf26</SignalID>
    <Timestamp>636870665753486070</Timestamp>
    <Value>-56.702171325683594</Value>
  </History>
  <History>
    <SignalID>4ab24720-3763-407c-afa0-15f0d69ac897</SignalID>
    <Timestamp>636870665753486070</Timestamp>
    <Value>528.46002197265625</Value>
  </History>
  <History>
    <SignalID>6586f230-8e7f-4f0f-9e18-1eefee4b9edd</SignalID>
    <Timestamp>636870665753826210</Timestamp>
    <Value>59.969417572021484</Value>
  </History>
  <History>
    <SignalID>60c97530-2ed2-4abb-a7a2-99e2170479a4</SignalID>
    <Timestamp>636870665753826210</Timestamp>
    <Value>-0.34784996509552002</Value>
  </History>
  <History>
    <SignalID>aa47a61c-8596-46af-8c28-f9ee774bcf26</SignalID>
    <Timestamp>636870665753826210</Timestamp>
    <Value>-19.53978157043457</Value>
  </History>
  <History>
    <SignalID>4ab24720-3763-407c-afa0-15f0d69ac897</SignalID>
    <Timestamp>636870665753826210</Timestamp>
    <Value>543.4522705078125</Value>
  </History>
  <History>
    <SignalID>6586f230-8e7f-4f0f-9e18-1eefee4b9edd</SignalID>
    <Timestamp>636870665754175680</Timestamp>
    <Value>60.085121154785156</Value>
  </History>
  <History>
    <SignalID>60c97530-2ed2-4abb-a7a2-99e2170479a4</SignalID>
    <Timestamp>636870665754175680</Timestamp>
    <Value>1.4886318445205688</Value>
  </History>
  <History>
    <SignalID>aa47a61c-8596-46af-8c28-f9ee774bcf26</SignalID>
    <Timestamp>636870665754175680</Timestamp>
    <Value>-27.878658294677734</Value>
  </History>
  <History>
    <SignalID>4ab24720-3763-407c-afa0-15f0d69ac897</SignalID>
    <Timestamp>636870665754175680</Timestamp>
    <Value>483.654296875</Value>
  </History>
  <History>
    <SignalID>6586f230-8e7f-4f0f-9e18-1eefee4b9edd</SignalID>
    <Timestamp>636870665754525710</Timestamp>
    <Value>59.9920654296875</Value>
  </History>
  <History>
    <SignalID>60c97530-2ed2-4abb-a7a2-99e2170479a4</SignalID>
    <Timestamp>636870665754525710</Timestamp>
    <Value>-0.15320292115211487</Value>
  </History>
  <History>
    <SignalID>aa47a61c-8596-46af-8c28-f9ee774bcf26</SignalID>
    <Timestamp>636870665754525710</Timestamp>
    <Value>115.37644958496094</Value>
  </History>
  <History>
    <SignalID>4ab24720-3763-407c-afa0-15f0d69ac897</SignalID>
    <Timestamp>636870665754525710</Timestamp>
    <Value>541.0001220703125</Value>
  </History>
  <History>
    <SignalID>6586f230-8e7f-4f0f-9e18-1eefee4b9edd</SignalID>
    <Timestamp>636870665754865650</Timestamp>
    <Value>60.054508209228516</Value>
  </History>
  <History>
    <SignalID>60c97530-2ed2-4abb-a7a2-99e2170479a4</SignalID>
    <Timestamp>636870665754865650</Timestamp>
    <Value>-0.8965117335319519</Value>
  </History>
  <History>
    <SignalID>aa47a61c-8596-46af-8c28-f9ee774bcf26</SignalID>
    <Timestamp>636870665754865650</Timestamp>
    <Value>-73.616134643554688</Value>
  </History>
  <History>
    <SignalID>4ab24720-3763-407c-afa0-15f0d69ac897</SignalID>
    <Timestamp>636870665754865650</Timestamp>
    <Value>485.06271362304688</Value>
  </History>
  <History>
    <SignalID>6586f230-8e7f-4f0f-9e18-1eefee4b9edd</SignalID>
    <Timestamp>636870665755215680</Timestamp>
    <Value>59.953445434570313</Value>
  </History>
  <History>
    <SignalID>60c97530-2ed2-4abb-a7a2-99e2170479a4</SignalID>
    <Timestamp>636870665755215680</Timestamp>
    <Value>1.0024110078811646</Value>
  </History>
  <History>
    <SignalID>aa47a61c-8596-46af-8c28-f9ee774bcf26</SignalID>
    <Timestamp>636870665755215680</Timestamp>
    <Value>-27.477645874023438</Value>
  </History>
  <History>
    <SignalID>4ab24720-3763-407c-afa0-15f0d69ac897</SignalID>
    <Timestamp>636870665755215680</Timestamp>
    <Value>483.84808349609375</Value>
  </History>
  <History>
    <SignalID>6586f230-8e7f-4f0f-9e18-1eefee4b9edd</SignalID>
    <Timestamp>636870665755565660</Timestamp>
    <Value>60.073799133300781</Value>
  </History>
  <History>
    <SignalID>60c97530-2ed2-4abb-a7a2-99e2170479a4</SignalID>
    <Timestamp>636870665755565660</Timestamp>
    <Value>-0.6277657151222229</Value>
  </History>
  <History>
    <SignalID>aa47a61c-8596-46af-8c28-f9ee774bcf26</SignalID>
    <Timestamp>636870665755565660</Timestamp>
    <Value>148.80337524414063</Value>
  </History>
  <History>
    <SignalID>4ab24720-3763-407c-afa0-15f0d69ac897</SignalID>
    <Timestamp>636870665755565660</Timestamp>
    <Value>547.9537353515625</Value>
  </History>
  <History>
    <SignalID>6586f230-8e7f-4f0f-9e18-1eefee4b9edd</SignalID>
    <Timestamp>636870665755915670</Timestamp>
    <Value>60.087333679199219</Value>
  </History>
  <History>
    <SignalID>60c97530-2ed2-4abb-a7a2-99e2170479a4</SignalID>
    <Timestamp>636870665755915670</Timestamp>
    <Value>1.4500564336776733</Value>
  </History>
  <History>
    <SignalID>aa47a61c-8596-46af-8c28-f9ee774bcf26</SignalID>
    <Timestamp>636870665755915670</Timestamp>
    <Value>-54.01043701171875</Value>
  </History>
  <History>
    <SignalID>4ab24720-3763-407c-afa0-15f0d69ac897</SignalID>
    <Timestamp>636870665755915670</Timestamp>
    <Value>547.199951171875</Value>
  </History>
  <History>
    <SignalID>6586f230-8e7f-4f0f-9e18-1eefee4b9edd</SignalID>
    <Timestamp>636870665756265619</Timestamp>
    <Value>59.987277984619141</Value>
  </History>
  <History>
    <SignalID>60c97530-2ed2-4abb-a7a2-99e2170479a4</SignalID>
    <Timestamp>636870665756265619</Timestamp>
    <Value>-0.13147373497486115</Value>
  </History>
  <History>
    <SignalID>aa47a61c-8596-46af-8c28-f9ee774bcf26</SignalID>
    <Timestamp>636870665756265619</Timestamp>
    <Value>141.29399108886719</Value>
  </History>
  <History>
    <SignalID>4ab24720-3763-407c-afa0-15f0d69ac897</SignalID>
    <Timestamp>636870665756265619</Timestamp>
    <Value>526.2291259765625</Value>
  </History>
  <History>
    <SignalID>6586f230-8e7f-4f0f-9e18-1eefee4b9edd</SignalID>
    <Timestamp>636870665756606000</Timestamp>
    <Value>60.060962677001953</Value>
  </History>
  <History>
    <SignalID>60c97530-2ed2-4abb-a7a2-99e2170479a4</SignalID>
    <Timestamp>636870665756606000</Timestamp>
    <Value>1.9122288227081299</Value>
  </History>
  <History>
    <SignalID>aa47a61c-8596-46af-8c28-f9ee774bcf26</SignalID>
    <Timestamp>636870665756606000</Timestamp>
    <Value>-13.008209228515625</Value>
  </History>
  <History>
    <SignalID>4ab24720-3763-407c-afa0-15f0d69ac897</SignalID>
    <Timestamp>636870665756606000</Timestamp>
    <Value>543.7818603515625</Value>
  </History>
  <History>
    <SignalID>6586f230-8e7f-4f0f-9e18-1eefee4b9edd</SignalID>
    <Timestamp>636870665756946050</Timestamp>
    <Value>60.065387725830078</Value>
  </History>
  <History>
    <SignalID>60c97530-2ed2-4abb-a7a2-99e2170479a4</SignalID>
    <Timestamp>636870665756946050</Timestamp>
    <Value>-0.64424574375152588</Value>
  </History>
  <History>
    <SignalID>aa47a61c-8596-46af-8c28-f9ee774bcf26</SignalID>
    <Timestamp>636870665756946050</Timestamp>
    <Value>-18.864101409912109</Value>
  </History>
  <History>
    <SignalID>4ab24720-3763-407c-afa0-15f0d69ac897</SignalID>
    <Timestamp>636870665756946050</Timestamp>
    <Value>525.2525634765625</Value>
  </History>
  <History>
    <SignalID>6586f230-8e7f-4f0f-9e18-1eefee4b9edd</SignalID>
    <Timestamp>636870665757285640</Timestamp>
    <Value>59.977291107177734</Value>
  </History>
  <History>
    <SignalID>60c97530-2ed2-4abb-a7a2-99e2170479a4</SignalID>
    <Timestamp>636870665757285640</Timestamp>
    <Value>-0.58058410882949829</Value>
  </History>
  <History>
    <SignalID>aa47a61c-8596-46af-8c28-f9ee774bcf26</SignalID>
    <Timestamp>636870665757285640</Timestamp>
    <Value>165.59648132324219</Value>
  </History>
  <History>
    <SignalID>4ab24720-3763-407c-afa0-15f0d69ac897</SignalID>
    <Timestamp>636870665757285640</Timestamp>
    <Value>527.5582275390625</Value>
  </History>
  <History>
    <SignalID>6586f230-8e7f-4f0f-9e18-1eefee4b9edd</SignalID>
    <Timestamp>636870665757635600</Timestamp>
    <Value>60.066280364990234</Value>
  </History>
  <History>
    <SignalID>60c97530-2ed2-4abb-a7a2-99e2170479a4</SignalID>
    <Timestamp>636870665757635600</Timestamp>
    <Value>-0.22907193005084991</Value>
  </History>
  <History>
    <SignalID>aa47a61c-8596-46af-8c28-f9ee774bcf26</SignalID>
    <Timestamp>636870665757635600</Timestamp>
    <Value>-88.656883239746094</Value>
  </History>
  <History>
    <SignalID>4ab24720-3763-407c-afa0-15f0d69ac897</SignalID>
    <Timestamp>636870665757635600</Timestamp>
    <Value>481.04342651367188</Value>
  </History>
  <History>
    <SignalID>6586f230-8e7f-4f0f-9e18-1eefee4b9edd</SignalID>
    <Timestamp>636870665757975570</Timestamp>
    <Value>59.9503173828125</Value>
  </History>
  <History>
    <SignalID>60c97530-2ed2-4abb-a7a2-99e2170479a4</SignalID>
    <Timestamp>636870665757975570</Timestamp>
    <Value>1.5867183208465576</Value>
  </History>
  <History>
    <SignalID>aa47a61c-8596-46af-8c28-f9ee774bcf26</SignalID>
    <Timestamp>636870665757975570</Timestamp>
    <Value>91.667228698730469</Value>
  </History>
  <History>
    <SignalID>4ab24720-3763-407c-afa0-15f0d69ac897</SignalID>
    <Timestamp>636870665757975570</Timestamp>
    <Value>480.88168334960938</Value>
  </History>
  <History>
    <SignalID>6586f230-8e7f-4f0f-9e18-1eefee4b9edd</SignalID>
    <Timestamp>636870665758315610</Timestamp>
    <Value>60.068817138671875</Value>
  </History>
  <History>
    <SignalID>60c97530-2ed2-4abb-a7a2-99e2170479a4</SignalID>
    <Timestamp>636870665758315610</Timestamp>
    <Value>1.0643024444580078</Value>
  </History>
  <History>
    <SignalID>aa47a61c-8596-46af-8c28-f9ee774bcf26</SignalID>
    <Timestamp>636870665758315610</Timestamp>
    <Value>109.13053131103516</Value>
  </History>
  <History>
    <SignalID>4ab24720-3763-407c-afa0-15f0d69ac897</SignalID>
    <Timestamp>636870665758315610</Timestamp>
    <Value>480.24078369140625</Value>
  </History>
  <History>
    <SignalID>6586f230-8e7f-4f0f-9e18-1eefee4b9edd</SignalID>
    <Timestamp>636870665758655620</Timestamp>
    <Value>59.999412536621094</Value>
  </History>
  <History>
    <SignalID>60c97530-2ed2-4abb-a7a2-99e2170479a4</SignalID>
    <Timestamp>636870665758655620</Timestamp>
    <Value>1.4157536029815674</Value>
  </History>
  <History>
    <SignalID>aa47a61c-8596-46af-8c28-f9ee774bcf26</SignalID>
    <Timestamp>636870665758655620</Timestamp>
    <Value>-18.111515045166016</Value>
  </History>
  <History>
    <SignalID>4ab24720-3763-407c-afa0-15f0d69ac897</SignalID>
    <Timestamp>636870665758655620</Timestamp>
    <Value>531.1533203125</Value>
  </History>
  <History>
    <SignalID>6586f230-8e7f-4f0f-9e18-1eefee4b9edd</SignalID>
    <Timestamp>636870665759005600</Timestamp>
    <Value>60.086322784423828</Value>
  </History>
  <History>
    <SignalID>60c97530-2ed2-4abb-a7a2-99e2170479a4</SignalID>
    <Timestamp>636870665759005600</Timestamp>
    <Value>-0.98300117254257202</Value>
  </History>
  <History>
    <SignalID>aa47a61c-8596-46af-8c28-f9ee774bcf26</SignalID>
    <Timestamp>636870665759005600</Timestamp>
    <Value>134.52070617675781</Value>
  </History>
  <History>
    <SignalID>4ab24720-3763-407c-afa0-15f0d69ac897</SignalID>
    <Timestamp>636870665759005600</Timestamp>
    <Value>475.15487670898438</Value>
  </History>
  <History>
    <SignalID>6586f230-8e7f-4f0f-9e18-1eefee4b9edd</SignalID>
    <Timestamp>636870665759345600</Timestamp>
    <Value>59.961990356445313</Value>
  </History>
  <History>
    <SignalID>60c97530-2ed2-4abb-a7a2-99e2170479a4</SignalID>
    <Timestamp>636870665759345600</Timestamp>
    <Value>1.5707266330718994</Value>
  </History>
  <History>
    <SignalID>aa47a61c-8596-46af-8c28-f9ee774bcf26</SignalID>
    <Timestamp>636870665759345600</Timestamp>
    <Value>99.506210327148438</Value>
  </History>
  <History>
    <SignalID>4ab24720-3763-407c-afa0-15f0d69ac897</SignalID>
    <Timestamp>636870665759345600</Timestamp>
    <Value>482.1451416015625</Value>
  </History>
  <History>
    <SignalID>6586f230-8e7f-4f0f-9e18-1eefee4b9edd</SignalID>
    <Timestamp>636870665759695570</Timestamp>
    <Value>60.095573425292969</Value>
  </History>
  <History>
    <SignalID>60c97530-2ed2-4abb-a7a2-99e2170479a4</SignalID>
    <Timestamp>636870665759695570</Timestamp>
    <Value>1.2616962194442749</Value>
  </History>
  <History>
    <SignalID>aa47a61c-8596-46af-8c28-f9ee774bcf26</SignalID>
    <Timestamp>636870665759695570</Timestamp>
    <Value>-31.784418106079102</Value>
  </History>
  <History>
    <SignalID>4ab24720-3763-407c-afa0-15f0d69ac897</SignalID>
    <Timestamp>636870665759695570</Timestamp>
    <Value>481.28756713867188</Value>
  </History>
  <History>
    <SignalID>6586f230-8e7f-4f0f-9e18-1eefee4b9edd</SignalID>
    <Timestamp>636870665760036000</Timestamp>
    <Value>59.986835479736328</Value>
  </History>
  <History>
    <SignalID>60c97530-2ed2-4abb-a7a2-99e2170479a4</SignalID>
    <Timestamp>636870665760036000</Timestamp>
    <Value>1.4865566492080688</Value>
  </History>
  <History>
    <SignalID>aa47a61c-8596-46af-8c28-f9ee774bcf26</SignalID>
    <Timestamp>636870665760036000</Timestamp>
    <Value>171.30955505371094</Value>
  </History>
  <History>
    <SignalID>4ab24720-3763-407c-afa0-15f0d69ac897</SignalID>
    <Timestamp>636870665760036000</Timestamp>
    <Value>530.599365234375</Value>
  </History>
  <History>
    <SignalID>6586f230-8e7f-4f0f-9e18-1eefee4b9edd</SignalID>
    <Timestamp>636870665760375570</Timestamp>
    <Value>59.997215270996094</Value>
  </History>
  <History>
    <SignalID>60c97530-2ed2-4abb-a7a2-99e2170479a4</SignalID>
    <Timestamp>636870665760375570</Timestamp>
    <Value>-0.65968811511993408</Value>
  </History>
  <History>
    <SignalID>aa47a61c-8596-46af-8c28-f9ee774bcf26</SignalID>
    <Timestamp>636870665760375570</Timestamp>
    <Value>-10.063783645629883</Value>
  </History>
  <History>
    <SignalID>4ab24720-3763-407c-afa0-15f0d69ac897</SignalID>
    <Timestamp>636870665760375570</Timestamp>
    <Value>531.96051025390625</Value>
  </History>
  <History>
    <SignalID>6586f230-8e7f-4f0f-9e18-1eefee4b9edd</SignalID>
    <Timestamp>636870665760715610</Timestamp>
    <Value>59.986835479736328</Value>
  </History>
  <History>
    <SignalID>60c97530-2ed2-4abb-a7a2-99e2170479a4</SignalID>
    <Timestamp>636870665760715610</Timestamp>
    <Value>1.694143533706665</Value>
  </History>
  <History>
    <SignalID>aa47a61c-8596-46af-8c28-f9ee774bcf26</SignalID>
    <Timestamp>636870665760715610</Timestamp>
    <Value>155.57664489746094</Value>
  </History>
  <History>
    <SignalID>4ab24720-3763-407c-afa0-15f0d69ac897</SignalID>
    <Timestamp>636870665760715610</Timestamp>
    <Value>529.84405517578125</Value>
  </History>
  <History>
    <SignalID>6586f230-8e7f-4f0f-9e18-1eefee4b9edd</SignalID>
    <Timestamp>636870665761055590</Timestamp>
    <Value>60.072162628173828</Value>
  </History>
  <History>
    <SignalID>60c97530-2ed2-4abb-a7a2-99e2170479a4</SignalID>
    <Timestamp>636870665761055590</Timestamp>
    <Value>1.7079378366470337</Value>
  </History>
  <History>
    <SignalID>aa47a61c-8596-46af-8c28-f9ee774bcf26</SignalID>
    <Timestamp>636870665761055590</Timestamp>
    <Value>-2.6422924995422363</Value>
  </History>
  <History>
    <SignalID>4ab24720-3763-407c-afa0-15f0d69ac897</SignalID>
    <Timestamp>636870665761055590</Timestamp>
    <Value>493.67657470703125</Value>
  </History>
  <History>
    <SignalID>6586f230-8e7f-4f0f-9e18-1eefee4b9edd</SignalID>
    <Timestamp>636870665761405540</Timestamp>
    <Value>60.070789337158203</Value>
  </History>
  <History>
    <SignalID>60c97530-2ed2-4abb-a7a2-99e2170479a4</SignalID>
    <Timestamp>636870665761405540</Timestamp>
    <Value>1.234290599822998</Value>
  </History>
  <History>
    <SignalID>aa47a61c-8596-46af-8c28-f9ee774bcf26</SignalID>
    <Timestamp>636870665761405540</Timestamp>
    <Value>-39.161960601806641</Value>
  </History>
  <History>
    <SignalID>4ab24720-3763-407c-afa0-15f0d69ac897</SignalID>
    <Timestamp>636870665761405540</Timestamp>
    <Value>496.70248413085938</Value>
  </History>
  <History>
    <SignalID>6586f230-8e7f-4f0f-9e18-1eefee4b9edd</SignalID>
    <Timestamp>636870665761745560</Timestamp>
    <Value>59.983108520507813</Value>
  </History>
  <History>
    <SignalID>60c97530-2ed2-4abb-a7a2-99e2170479a4</SignalID>
    <Timestamp>636870665761745560</Timestamp>
    <Value>1.2482070922851563</Value>
  </History>
  <History>
    <SignalID>aa47a61c-8596-46af-8c28-f9ee774bcf26</SignalID>
    <Timestamp>636870665761745560</Timestamp>
    <Value>-61.376995086669922</Value>
  </History>
  <History>
    <SignalID>4ab24720-3763-407c-afa0-15f0d69ac897</SignalID>
    <Timestamp>636870665761745560</Timestamp>
    <Value>484.0296630859375</Value>
  </History>
  <History>
    <SignalID>6586f230-8e7f-4f0f-9e18-1eefee4b9edd</SignalID>
    <Timestamp>636870665762095900</Timestamp>
    <Value>59.963245391845703</Value>
  </History>
  <History>
    <SignalID>60c97530-2ed2-4abb-a7a2-99e2170479a4</SignalID>
    <Timestamp>636870665762095900</Timestamp>
    <Value>1.3220007419586182</Value>
  </History>
  <History>
    <SignalID>aa47a61c-8596-46af-8c28-f9ee774bcf26</SignalID>
    <Timestamp>636870665762095900</Timestamp>
    <Value>144.43067932128906</Value>
  </History>
  <History>
    <SignalID>4ab24720-3763-407c-afa0-15f0d69ac897</SignalID>
    <Timestamp>636870665762095900</Timestamp>
    <Value>540.34393310546875</Value>
  </History>
  <History>
    <SignalID>6586f230-8e7f-4f0f-9e18-1eefee4b9edd</SignalID>
    <Timestamp>636870665762435520</Timestamp>
    <Value>60.052654266357422</Value>
  </History>
  <History>
    <SignalID>60c97530-2ed2-4abb-a7a2-99e2170479a4</SignalID>
    <Timestamp>636870665762435520</Timestamp>
    <Value>1.2222052812576294</Value>
  </History>
  <History>
    <SignalID>aa47a61c-8596-46af-8c28-f9ee774bcf26</SignalID>
    <Timestamp>636870665762435520</Timestamp>
    <Value>143.67259216308594</Value>
  </History>
  <History>
    <SignalID>4ab24720-3763-407c-afa0-15f0d69ac897</SignalID>
    <Timestamp>636870665762435520</Timestamp>
    <Value>545.03009033203125</Value>
  </History>
  <History>
    <SignalID>6586f230-8e7f-4f0f-9e18-1eefee4b9edd</SignalID>
    <Timestamp>636870665762775909</Timestamp>
    <Value>59.985519409179688</Value>
  </History>
  <History>
    <SignalID>60c97530-2ed2-4abb-a7a2-99e2170479a4</SignalID>
    <Timestamp>636870665762775909</Timestamp>
    <Value>1.2603534460067749</Value>
  </History>
  <History>
    <SignalID>aa47a61c-8596-46af-8c28-f9ee774bcf26</SignalID>
    <Timestamp>636870665762775909</Timestamp>
    <Value>-72.435073852539063</Value>
  </History>
  <History>
    <SignalID>4ab24720-3763-407c-afa0-15f0d69ac897</SignalID>
    <Timestamp>636870665762775909</Timestamp>
    <Value>487.31497192382813</Value>
  </History>
  <History>
    <SignalID>6586f230-8e7f-4f0f-9e18-1eefee4b9edd</SignalID>
    <Timestamp>636870665763125510</Timestamp>
    <Value>59.986347198486328</Value>
  </History>
  <History>
    <SignalID>60c97530-2ed2-4abb-a7a2-99e2170479a4</SignalID>
    <Timestamp>636870665763125510</Timestamp>
    <Value>1.7103793621063232</Value>
  </History>
  <History>
    <SignalID>aa47a61c-8596-46af-8c28-f9ee774bcf26</SignalID>
    <Timestamp>636870665763125510</Timestamp>
    <Value>-11.909543037414551</Value>
  </History>
  <History>
    <SignalID>4ab24720-3763-407c-afa0-15f0d69ac897</SignalID>
    <Timestamp>636870665763125510</Timestamp>
    <Value>478.60958862304688</Value>
  </History>
  <History>
    <SignalID>6586f230-8e7f-4f0f-9e18-1eefee4b9edd</SignalID>
    <Timestamp>636870665763465500</Timestamp>
    <Value>60.057334899902344</Value>
  </History>
  <History>
    <SignalID>60c97530-2ed2-4abb-a7a2-99e2170479a4</SignalID>
    <Timestamp>636870665763465500</Timestamp>
    <Value>-0.60457170009613037</Value>
  </History>
  <History>
    <SignalID>aa47a61c-8596-46af-8c28-f9ee774bcf26</SignalID>
    <Timestamp>636870665763465500</Timestamp>
    <Value>98.649253845214844</Value>
  </History>
  <History>
    <SignalID>4ab24720-3763-407c-afa0-15f0d69ac897</SignalID>
    <Timestamp>636870665763465500</Timestamp>
    <Value>488.72189331054688</Value>
  </History>
  <History>
    <SignalID>6586f230-8e7f-4f0f-9e18-1eefee4b9edd</SignalID>
    <Timestamp>636870665763795500</Timestamp>
    <Value>59.968864440917969</Value>
  </History>
  <History>
    <SignalID>60c97530-2ed2-4abb-a7a2-99e2170479a4</SignalID>
    <Timestamp>636870665763795500</Timestamp>
    <Value>-0.22125919163227081</Value>
  </History>
  <History>
    <SignalID>aa47a61c-8596-46af-8c28-f9ee774bcf26</SignalID>
    <Timestamp>636870665763795500</Timestamp>
    <Value>145.44694519042969</Value>
  </History>
  <History>
    <SignalID>4ab24720-3763-407c-afa0-15f0d69ac897</SignalID>
    <Timestamp>636870665763795500</Timestamp>
    <Value>493.26455688476563</Value>
  </History>
  <History>
    <SignalID>6586f230-8e7f-4f0f-9e18-1eefee4b9edd</SignalID>
    <Timestamp>636870665764145490</Timestamp>
    <Value>59.971576690673828</Value>
  </History>
  <History>
    <SignalID>60c97530-2ed2-4abb-a7a2-99e2170479a4</SignalID>
    <Timestamp>636870665764145490</Timestamp>
    <Value>1.5762200355529785</Value>
  </History>
  <History>
    <SignalID>aa47a61c-8596-46af-8c28-f9ee774bcf26</SignalID>
    <Timestamp>636870665764145490</Timestamp>
    <Value>161.14138793945313</Value>
  </History>
  <History>
    <SignalID>4ab24720-3763-407c-afa0-15f0d69ac897</SignalID>
    <Timestamp>636870665764145490</Timestamp>
    <Value>539.4818115234375</Value>
  </History>
  <History>
    <SignalID>6586f230-8e7f-4f0f-9e18-1eefee4b9edd</SignalID>
    <Timestamp>636870665764495490</Timestamp>
    <Value>60.074378967285156</Value>
  </History>
  <History>
    <SignalID>60c97530-2ed2-4abb-a7a2-99e2170479a4</SignalID>
    <Timestamp>636870665764495490</Timestamp>
    <Value>1.2304452657699585</Value>
  </History>
  <History>
    <SignalID>aa47a61c-8596-46af-8c28-f9ee774bcf26</SignalID>
    <Timestamp>636870665764495490</Timestamp>
    <Value>-65.002593994140625</Value>
  </History>
  <History>
    <SignalID>4ab24720-3763-407c-afa0-15f0d69ac897</SignalID>
    <Timestamp>636870665764495490</Timestamp>
    <Value>542.83270263671875</Value>
  </History>
  <History>
    <SignalID>6586f230-8e7f-4f0f-9e18-1eefee4b9edd</SignalID>
    <Timestamp>636870665764835490</Timestamp>
    <Value>59.977149963378906</Value>
  </History>
  <History>
    <SignalID>60c97530-2ed2-4abb-a7a2-99e2170479a4</SignalID>
    <Timestamp>636870665764835490</Timestamp>
    <Value>1.7271645069122314</Value>
  </History>
  <History>
    <SignalID>aa47a61c-8596-46af-8c28-f9ee774bcf26</SignalID>
    <Timestamp>636870665764835490</Timestamp>
    <Value>-41.298866271972656</Value>
  </History>
  <History>
    <SignalID>4ab24720-3763-407c-afa0-15f0d69ac897</SignalID>
    <Timestamp>636870665764835490</Timestamp>
    <Value>487.52252197265625</Value>
  </History>
  <History>
    <SignalID>6586f230-8e7f-4f0f-9e18-1eefee4b9edd</SignalID>
    <Timestamp>636870665765175480</Timestamp>
    <Value>60.054241180419922</Value>
  </History>
  <History>
    <SignalID>60c97530-2ed2-4abb-a7a2-99e2170479a4</SignalID>
    <Timestamp>636870665765175480</Timestamp>
    <Value>1.9696645736694336</Value>
  </History>
  <History>
    <SignalID>aa47a61c-8596-46af-8c28-f9ee774bcf26</SignalID>
    <Timestamp>636870665765175480</Timestamp>
    <Value>-9.6847438812255859</Value>
  </History>
  <History>
    <SignalID>4ab24720-3763-407c-afa0-15f0d69ac897</SignalID>
    <Timestamp>636870665765175480</Timestamp>
    <Value>495.9288330078125</Value>
  </History>
  <History>
    <SignalID>6586f230-8e7f-4f0f-9e18-1eefee4b9edd</SignalID>
    <Timestamp>636870665765515460</Timestamp>
    <Value>60.052467346191406</Value>
  </History>
  <History>
    <SignalID>60c97530-2ed2-4abb-a7a2-99e2170479a4</SignalID>
    <Timestamp>636870665765515460</Timestamp>
    <Value>-0.85360270738601685</Value>
  </History>
  <History>
    <SignalID>aa47a61c-8596-46af-8c28-f9ee774bcf26</SignalID>
    <Timestamp>636870665765515460</Timestamp>
    <Value>-17.040315628051758</Value>
  </History>
  <History>
    <SignalID>4ab24720-3763-407c-afa0-15f0d69ac897</SignalID>
    <Timestamp>636870665765515460</Timestamp>
    <Value>487.06015014648438</Value>
  </History>
  <History>
    <SignalID>6586f230-8e7f-4f0f-9e18-1eefee4b9edd</SignalID>
    <Timestamp>636870665765865470</Timestamp>
    <Value>60.089153289794922</Value>
  </History>
  <History>
    <SignalID>60c97530-2ed2-4abb-a7a2-99e2170479a4</SignalID>
    <Timestamp>636870665765865470</Timestamp>
    <Value>-0.46552935242652893</Value>
  </History>
  <History>
    <SignalID>aa47a61c-8596-46af-8c28-f9ee774bcf26</SignalID>
    <Timestamp>636870665765865470</Timestamp>
    <Value>-26.378978729248047</Value>
  </History>
  <History>
    <SignalID>4ab24720-3763-407c-afa0-15f0d69ac897</SignalID>
    <Timestamp>636870665765865470</Timestamp>
    <Value>493.7452392578125</Value>
  </History>
  <History>
    <SignalID>6586f230-8e7f-4f0f-9e18-1eefee4b9edd</SignalID>
    <Timestamp>636870665766205510</Timestamp>
    <Value>60.093162536621094</Value>
  </History>
  <History>
    <SignalID>60c97530-2ed2-4abb-a7a2-99e2170479a4</SignalID>
    <Timestamp>636870665766205510</Timestamp>
    <Value>-0.16022217273712158</Value>
  </History>
  <History>
    <SignalID>aa47a61c-8596-46af-8c28-f9ee774bcf26</SignalID>
    <Timestamp>636870665766205510</Timestamp>
    <Value>-8.4762105941772461</Value>
  </History>
  <History>
    <SignalID>4ab24720-3763-407c-afa0-15f0d69ac897</SignalID>
    <Timestamp>636870665766205510</Timestamp>
    <Value>497.06411743164063</Value>
  </History>
  <History>
    <SignalID>6586f230-8e7f-4f0f-9e18-1eefee4b9edd</SignalID>
    <Timestamp>636870665766545590</Timestamp>
    <Value>59.966358184814453</Value>
  </History>
  <History>
    <SignalID>60c97530-2ed2-4abb-a7a2-99e2170479a4</SignalID>
    <Timestamp>636870665766545590</Timestamp>
    <Value>1.8294014930725098</Value>
  </History>
  <History>
    <SignalID>aa47a61c-8596-46af-8c28-f9ee774bcf26</SignalID>
    <Timestamp>636870665766545590</Timestamp>
    <Value>-71.748405456542969</Value>
  </History>
  <History>
    <SignalID>4ab24720-3763-407c-afa0-15f0d69ac897</SignalID>
    <Timestamp>636870665766545590</Timestamp>
    <Value>478.36083984375</Value>
  </History>
  <History>
    <SignalID>6586f230-8e7f-4f0f-9e18-1eefee4b9edd</SignalID>
    <Timestamp>636870665766895490</Timestamp>
    <Value>60.094615936279297</Value>
  </History>
  <History>
    <SignalID>60c97530-2ed2-4abb-a7a2-99e2170479a4</SignalID>
    <Timestamp>636870665766895490</Timestamp>
    <Value>1.6743675470352173</Value>
  </History>
  <History>
    <SignalID>aa47a61c-8596-46af-8c28-f9ee774bcf26</SignalID>
    <Timestamp>636870665766895490</Timestamp>
    <Value>96.160774230957031</Value>
  </History>
  <History>
    <SignalID>4ab24720-3763-407c-afa0-15f0d69ac897</SignalID>
    <Timestamp>636870665766895490</Timestamp>
    <Value>542.1048583984375</Value>
  </History>
  <History>
    <SignalID>6586f230-8e7f-4f0f-9e18-1eefee4b9edd</SignalID>
    <Timestamp>636870665767235460</Timestamp>
    <Value>60.069355010986328</Value>
  </History>
  <History>
    <SignalID>60c97530-2ed2-4abb-a7a2-99e2170479a4</SignalID>
    <Timestamp>636870665767235460</Timestamp>
    <Value>-0.79537338018417358</Value>
  </History>
  <History>
    <SignalID>aa47a61c-8596-46af-8c28-f9ee774bcf26</SignalID>
    <Timestamp>636870665767235460</Timestamp>
    <Value>-46.649372100830078</Value>
  </History>
  <History>
    <SignalID>4ab24720-3763-407c-afa0-15f0d69ac897</SignalID>
    <Timestamp>636870665767235460</Timestamp>
    <Value>499.7833251953125</Value>
  </History>
  <History>
    <SignalID>6586f230-8e7f-4f0f-9e18-1eefee4b9edd</SignalID>
    <Timestamp>636870665767565470</Timestamp>
    <Value>60.052558898925781</Value>
  </History>
  <History>
    <SignalID>60c97530-2ed2-4abb-a7a2-99e2170479a4</SignalID>
    <Timestamp>636870665767565470</Timestamp>
    <Value>1.9096041917800903</Value>
  </History>
  <History>
    <SignalID>aa47a61c-8596-46af-8c28-f9ee774bcf26</SignalID>
    <Timestamp>636870665767565470</Timestamp>
    <Value>-71.764884948730469</Value>
  </History>
  <History>
    <SignalID>4ab24720-3763-407c-afa0-15f0d69ac897</SignalID>
    <Timestamp>636870665767565470</Timestamp>
    <Value>487.9451904296875</Value>
  </History>
  <History>
    <SignalID>6586f230-8e7f-4f0f-9e18-1eefee4b9edd</SignalID>
    <Timestamp>636870665767905470</Timestamp>
    <Value>60.058555603027344</Value>
  </History>
  <History>
    <SignalID>60c97530-2ed2-4abb-a7a2-99e2170479a4</SignalID>
    <Timestamp>636870665767905470</Timestamp>
    <Value>-0.51026946306228638</Value>
  </History>
  <History>
    <SignalID>aa47a61c-8596-46af-8c28-f9ee774bcf26</SignalID>
    <Timestamp>636870665767905470</Timestamp>
    <Value>123.12203979492188</Value>
  </History>
  <History>
    <SignalID>4ab24720-3763-407c-afa0-15f0d69ac897</SignalID>
    <Timestamp>636870665767905470</Timestamp>
    <Value>547.2640380859375</Value>
  </History>
  <History>
    <SignalID>6586f230-8e7f-4f0f-9e18-1eefee4b9edd</SignalID>
    <Timestamp>636870665768235470</Timestamp>
    <Value>59.956451416015625</Value>
  </History>
  <History>
    <SignalID>60c97530-2ed2-4abb-a7a2-99e2170479a4</SignalID>
    <Timestamp>636870665768235470</Timestamp>
    <Value>1.7804498672485352</Value>
  </History>
  <History>
    <SignalID>aa47a61c-8596-46af-8c28-f9ee774bcf26</SignalID>
    <Timestamp>636870665768235470</Timestamp>
    <Value>-1.2909328937530518</Value>
  </History>
  <History>
    <SignalID>4ab24720-3763-407c-afa0-15f0d69ac897</SignalID>
    <Timestamp>636870665768235470</Timestamp>
    <Value>547.04888916015625</Value>
  </History>
  <History>
    <SignalID>6586f230-8e7f-4f0f-9e18-1eefee4b9edd</SignalID>
    <Timestamp>636870665768575990</Timestamp>
    <Value>60.060153961181641</Value>
  </History>
  <History>
    <SignalID>60c97530-2ed2-4abb-a7a2-99e2170479a4</SignalID>
    <Timestamp>636870665768575990</Timestamp>
    <Value>1.572313666343689</Value>
  </History>
  <History>
    <SignalID>aa47a61c-8596-46af-8c28-f9ee774bcf26</SignalID>
    <Timestamp>636870665768575990</Timestamp>
    <Value>103.80199432373047</Value>
  </History>
  <History>
    <SignalID>4ab24720-3763-407c-afa0-15f0d69ac897</SignalID>
    <Timestamp>636870665768575990</Timestamp>
    <Value>492.87850952148438</Value>
  </History>
  <History>
    <SignalID>6586f230-8e7f-4f0f-9e18-1eefee4b9edd</SignalID>
    <Timestamp>636870665768905990</Timestamp>
    <Value>59.977767944335938</Value>
  </History>
  <History>
    <SignalID>60c97530-2ed2-4abb-a7a2-99e2170479a4</SignalID>
    <Timestamp>636870665768905990</Timestamp>
    <Value>-0.76601457595825195</Value>
  </History>
  <History>
    <SignalID>aa47a61c-8596-46af-8c28-f9ee774bcf26</SignalID>
    <Timestamp>636870665768905990</Timestamp>
    <Value>-0.7690664529800415</Value>
  </History>
  <History>
    <SignalID>4ab24720-3763-407c-afa0-15f0d69ac897</SignalID>
    <Timestamp>636870665768905990</Timestamp>
    <Value>479.10397338867188</Value>
  </History>
  <History>
    <SignalID>6586f230-8e7f-4f0f-9e18-1eefee4b9edd</SignalID>
    <Timestamp>636870665769246020</Timestamp>
    <Value>59.991775512695313</Value>
  </History>
  <History>
    <SignalID>60c97530-2ed2-4abb-a7a2-99e2170479a4</SignalID>
    <Timestamp>636870665769246020</Timestamp>
    <Value>1.3198645114898682</Value>
  </History>
  <History>
    <SignalID>aa47a61c-8596-46af-8c28-f9ee774bcf26</SignalID>
    <Timestamp>636870665769246020</Timestamp>
    <Value>153.91766357421875</Value>
  </History>
  <History>
    <SignalID>4ab24720-3763-407c-afa0-15f0d69ac897</SignalID>
    <Timestamp>636870665769246020</Timestamp>
    <Value>496.75741577148438</Value>
  </History>
  <History>
    <SignalID>6586f230-8e7f-4f0f-9e18-1eefee4b9edd</SignalID>
    <Timestamp>636870665769595510</Timestamp>
    <Value>60.081104278564453</Value>
  </History>
  <History>
    <SignalID>60c97530-2ed2-4abb-a7a2-99e2170479a4</SignalID>
    <Timestamp>636870665769595510</Timestamp>
    <Value>1.3241370916366577</Value>
  </History>
  <History>
    <SignalID>aa47a61c-8596-46af-8c28-f9ee774bcf26</SignalID>
    <Timestamp>636870665769595510</Timestamp>
    <Value>124.46791076660156</Value>
  </History>
  <History>
    <SignalID>4ab24720-3763-407c-afa0-15f0d69ac897</SignalID>
    <Timestamp>636870665769595510</Timestamp>
    <Value>540.1348876953125</Value>
  </History>
  <History>
    <SignalID>6586f230-8e7f-4f0f-9e18-1eefee4b9edd</SignalID>
    <Timestamp>636870665769935530</Timestamp>
    <Value>60.053012847900391</Value>
  </History>
  <History>
    <SignalID>60c97530-2ed2-4abb-a7a2-99e2170479a4</SignalID>
    <Timestamp>636870665769935530</Timestamp>
    <Value>1.3712576627731323</Value>
  </History>
  <History>
    <SignalID>aa47a61c-8596-46af-8c28-f9ee774bcf26</SignalID>
    <Timestamp>636870665769935530</Timestamp>
    <Value>-25.697805404663086</Value>
  </History>
  <History>
    <SignalID>4ab24720-3763-407c-afa0-15f0d69ac897</SignalID>
    <Timestamp>636870665769935530</Timestamp>
    <Value>534.4752197265625</Value>
  </History>
  <History>
    <SignalID>6586f230-8e7f-4f0f-9e18-1eefee4b9edd</SignalID>
    <Timestamp>636870665770285460</Timestamp>
    <Value>60.072788238525391</Value>
  </History>
  <History>
    <SignalID>60c97530-2ed2-4abb-a7a2-99e2170479a4</SignalID>
    <Timestamp>636870665770285460</Timestamp>
    <Value>1.5554673671722412</Value>
  </History>
  <History>
    <SignalID>aa47a61c-8596-46af-8c28-f9ee774bcf26</SignalID>
    <Timestamp>636870665770285460</Timestamp>
    <Value>-5.5922117233276367</Value>
  </History>
  <History>
    <SignalID>4ab24720-3763-407c-afa0-15f0d69ac897</SignalID>
    <Timestamp>636870665770285460</Timestamp>
    <Value>543.4339599609375</Value>
  </History>
  <History>
    <SignalID>6586f230-8e7f-4f0f-9e18-1eefee4b9edd</SignalID>
    <Timestamp>636870665770635410</Timestamp>
    <Value>60.064453125</Value>
  </History>
  <History>
    <SignalID>60c97530-2ed2-4abb-a7a2-99e2170479a4</SignalID>
    <Timestamp>636870665770635410</Timestamp>
    <Value>1.4131290912628174</Value>
  </History>
  <History>
    <SignalID>aa47a61c-8596-46af-8c28-f9ee774bcf26</SignalID>
    <Timestamp>636870665770635410</Timestamp>
    <Value>-15.381328582763672</Value>
  </History>
  <History>
    <SignalID>4ab24720-3763-407c-afa0-15f0d69ac897</SignalID>
    <Timestamp>636870665770635410</Timestamp>
    <Value>527.59942626953125</Value>
  </History>
  <History>
    <SignalID>6586f230-8e7f-4f0f-9e18-1eefee4b9edd</SignalID>
    <Timestamp>636870665770985400</Timestamp>
    <Value>60.094791412353516</Value>
  </History>
  <History>
    <SignalID>60c97530-2ed2-4abb-a7a2-99e2170479a4</SignalID>
    <Timestamp>636870665770985400</Timestamp>
    <Value>-0.11755730211734772</Value>
  </History>
  <History>
    <SignalID>aa47a61c-8596-46af-8c28-f9ee774bcf26</SignalID>
    <Timestamp>636870665770985400</Timestamp>
    <Value>-49.494918823242188</Value>
  </History>
  <History>
    <SignalID>4ab24720-3763-407c-afa0-15f0d69ac897</SignalID>
    <Timestamp>636870665770985400</Timestamp>
    <Value>492.74118041992188</Value>
  </History>
  <History>
    <SignalID>6586f230-8e7f-4f0f-9e18-1eefee4b9edd</SignalID>
    <Timestamp>636870665771325400</Timestamp>
    <Value>60.098178863525391</Value>
  </History>
  <History>
    <SignalID>60c97530-2ed2-4abb-a7a2-99e2170479a4</SignalID>
    <Timestamp>636870665771325400</Timestamp>
    <Value>1.2399669885635376</Value>
  </History>
  <History>
    <SignalID>aa47a61c-8596-46af-8c28-f9ee774bcf26</SignalID>
    <Timestamp>636870665771325400</Timestamp>
    <Value>-52.604145050048828</Value>
  </History>
  <History>
    <SignalID>4ab24720-3763-407c-afa0-15f0d69ac897</SignalID>
    <Timestamp>636870665771325400</Timestamp>
    <Value>546.1241455078125</Value>
  </History>
  <History>
    <SignalID>6586f230-8e7f-4f0f-9e18-1eefee4b9edd</SignalID>
    <Timestamp>636870665771675390</Timestamp>
    <Value>59.963245391845703</Value>
  </History>
  <History>
    <SignalID>60c97530-2ed2-4abb-a7a2-99e2170479a4</SignalID>
    <Timestamp>636870665771675390</Timestamp>
    <Value>1.3890805244445801</Value>
  </History>
  <History>
    <SignalID>aa47a61c-8596-46af-8c28-f9ee774bcf26</SignalID>
    <Timestamp>636870665771675390</Timestamp>
    <Value>-39.354228973388672</Value>
  </History>
  <History>
    <SignalID>4ab24720-3763-407c-afa0-15f0d69ac897</SignalID>
    <Timestamp>636870665771675390</Timestamp>
    <Value>492.20404052734375</Value>
  </History>
  <History>
    <SignalID>6586f230-8e7f-4f0f-9e18-1eefee4b9edd</SignalID>
    <Timestamp>636870665772025390</Timestamp>
    <Value>59.975944519042969</Value>
  </History>
  <History>
    <SignalID>60c97530-2ed2-4abb-a7a2-99e2170479a4</SignalID>
    <Timestamp>636870665772025390</Timestamp>
    <Value>1.0428785085678101</Value>
  </History>
  <History>
    <SignalID>aa47a61c-8596-46af-8c28-f9ee774bcf26</SignalID>
    <Timestamp>636870665772025390</Timestamp>
    <Value>162.41035461425781</Value>
  </History>
  <History>
    <SignalID>4ab24720-3763-407c-afa0-15f0d69ac897</SignalID>
    <Timestamp>636870665772025390</Timestamp>
    <Value>494.67910766601563</Value>
  </History>
  <History>
    <SignalID>6586f230-8e7f-4f0f-9e18-1eefee4b9edd</SignalID>
    <Timestamp>636870665772365390</Timestamp>
    <Value>60.090263366699219</Value>
  </History>
  <History>
    <SignalID>60c97530-2ed2-4abb-a7a2-99e2170479a4</SignalID>
    <Timestamp>636870665772365390</Timestamp>
    <Value>-0.88344979286193848</Value>
  </History>
  <History>
    <SignalID>aa47a61c-8596-46af-8c28-f9ee774bcf26</SignalID>
    <Timestamp>636870665772365390</Timestamp>
    <Value>-14.419995307922363</Value>
  </History>
  <History>
    <SignalID>4ab24720-3763-407c-afa0-15f0d69ac897</SignalID>
    <Timestamp>636870665772365390</Timestamp>
    <Value>539.10491943359375</Value>
  </History>
  <History>
    <SignalID>6586f230-8e7f-4f0f-9e18-1eefee4b9edd</SignalID>
    <Timestamp>636870665772705409</Timestamp>
    <Value>59.982822418212891</Value>
  </History>
  <History>
    <SignalID>60c97530-2ed2-4abb-a7a2-99e2170479a4</SignalID>
    <Timestamp>636870665772705409</Timestamp>
    <Value>1.9487899541854858</Value>
  </History>
  <History>
    <SignalID>aa47a61c-8596-46af-8c28-f9ee774bcf26</SignalID>
    <Timestamp>636870665772705409</Timestamp>
    <Value>139.65696716308594</Value>
  </History>
  <History>
    <SignalID>4ab24720-3763-407c-afa0-15f0d69ac897</SignalID>
    <Timestamp>636870665772705409</Timestamp>
    <Value>543.5194091796875</Value>
  </History>
  <History>
    <SignalID>6586f230-8e7f-4f0f-9e18-1eefee4b9edd</SignalID>
    <Timestamp>636870665773035440</Timestamp>
    <Value>59.978935241699219</Value>
  </History>
  <History>
    <SignalID>60c97530-2ed2-4abb-a7a2-99e2170479a4</SignalID>
    <Timestamp>636870665773035440</Timestamp>
    <Value>-0.91323590278625488</Value>
  </History>
  <History>
    <SignalID>aa47a61c-8596-46af-8c28-f9ee774bcf26</SignalID>
    <Timestamp>636870665773035440</Timestamp>
    <Value>-0.67567980289459229</Value>
  </History>
  <History>
    <SignalID>4ab24720-3763-407c-afa0-15f0d69ac897</SignalID>
    <Timestamp>636870665773035440</Timestamp>
    <Value>537.53167724609375</Value>
  </History>
  <History>
    <SignalID>6586f230-8e7f-4f0f-9e18-1eefee4b9edd</SignalID>
    <Timestamp>636870665773375410</Timestamp>
    <Value>59.988594055175781</Value>
  </History>
  <History>
    <SignalID>60c97530-2ed2-4abb-a7a2-99e2170479a4</SignalID>
    <Timestamp>636870665773375410</Timestamp>
    <Value>-0.80941188335418701</Value>
  </History>
  <History>
    <SignalID>aa47a61c-8596-46af-8c28-f9ee774bcf26</SignalID>
    <Timestamp>636870665773375410</Timestamp>
    <Value>-56.0045166015625</Value>
  </History>
  <History>
    <SignalID>4ab24720-3763-407c-afa0-15f0d69ac897</SignalID>
    <Timestamp>636870665773375410</Timestamp>
    <Value>549.6307373046875</Value>
  </History>
  <History>
    <SignalID>6586f230-8e7f-4f0f-9e18-1eefee4b9edd</SignalID>
    <Timestamp>636870665773725350</Timestamp>
    <Value>59.996143341064453</Value>
  </History>
  <History>
    <SignalID>60c97530-2ed2-4abb-a7a2-99e2170479a4</SignalID>
    <Timestamp>636870665773725350</Timestamp>
    <Value>-0.50416576862335205</Value>
  </History>
  <History>
    <SignalID>aa47a61c-8596-46af-8c28-f9ee774bcf26</SignalID>
    <Timestamp>636870665773725350</Timestamp>
    <Value>-34.069644927978516</Value>
  </History>
  <History>
    <SignalID>4ab24720-3763-407c-afa0-15f0d69ac897</SignalID>
    <Timestamp>636870665773725350</Timestamp>
    <Value>487.6156005859375</Value>
  </History>
  <History>
    <SignalID>6586f230-8e7f-4f0f-9e18-1eefee4b9edd</SignalID>
    <Timestamp>636870665774055360</Timestamp>
    <Value>59.984649658203125</Value>
  </History>
  <History>
    <SignalID>60c97530-2ed2-4abb-a7a2-99e2170479a4</SignalID>
    <Timestamp>636870665774055360</Timestamp>
    <Value>1.2406384944915771</Value>
  </History>
  <History>
    <SignalID>aa47a61c-8596-46af-8c28-f9ee774bcf26</SignalID>
    <Timestamp>636870665774055360</Timestamp>
    <Value>159.36705017089844</Value>
  </History>
  <History>
    <SignalID>4ab24720-3763-407c-afa0-15f0d69ac897</SignalID>
    <Timestamp>636870665774055360</Timestamp>
    <Value>546.9542236328125</Value>
  </History>
  <History>
    <SignalID>6586f230-8e7f-4f0f-9e18-1eefee4b9edd</SignalID>
    <Timestamp>636870665774385410</Timestamp>
    <Value>59.980434417724609</Value>
  </History>
  <History>
    <SignalID>60c97530-2ed2-4abb-a7a2-99e2170479a4</SignalID>
    <Timestamp>636870665774385410</Timestamp>
    <Value>1.5593127012252808</Value>
  </History>
  <History>
    <SignalID>aa47a61c-8596-46af-8c28-f9ee774bcf26</SignalID>
    <Timestamp>636870665774385410</Timestamp>
    <Value>116.20044708251953</Value>
  </History>
  <History>
    <SignalID>4ab24720-3763-407c-afa0-15f0d69ac897</SignalID>
    <Timestamp>636870665774385410</Timestamp>
    <Value>532.837890625</Value>
  </History>
  <History>
    <SignalID>6586f230-8e7f-4f0f-9e18-1eefee4b9edd</SignalID>
    <Timestamp>636870665774735660</Timestamp>
    <Value>60.090915679931641</Value>
  </History>
  <History>
    <SignalID>60c97530-2ed2-4abb-a7a2-99e2170479a4</SignalID>
    <Timestamp>636870665774735660</Timestamp>
    <Value>-0.91091644763946533</Value>
  </History>
  <History>
    <SignalID>aa47a61c-8596-46af-8c28-f9ee774bcf26</SignalID>
    <Timestamp>636870665774735660</Timestamp>
    <Value>165.83270263671875</Value>
  </History>
  <History>
    <SignalID>4ab24720-3763-407c-afa0-15f0d69ac897</SignalID>
    <Timestamp>636870665774735660</Timestamp>
    <Value>533.208740234375</Value>
  </History>
  <History>
    <SignalID>6586f230-8e7f-4f0f-9e18-1eefee4b9edd</SignalID>
    <Timestamp>636870665775065870</Timestamp>
    <Value>59.98492431640625</Value>
  </History>
  <History>
    <SignalID>60c97530-2ed2-4abb-a7a2-99e2170479a4</SignalID>
    <Timestamp>636870665775065870</Timestamp>
    <Value>1.2726829051971436</Value>
  </History>
  <History>
    <SignalID>aa47a61c-8596-46af-8c28-f9ee774bcf26</SignalID>
    <Timestamp>636870665775065870</Timestamp>
    <Value>102.51655578613281</Value>
  </History>
  <History>
    <SignalID>4ab24720-3763-407c-afa0-15f0d69ac897</SignalID>
    <Timestamp>636870665775065870</Timestamp>
    <Value>478.89797973632813</Value>
  </History>
  <History>
    <SignalID>6586f230-8e7f-4f0f-9e18-1eefee4b9edd</SignalID>
    <Timestamp>636870665775415440</Timestamp>
    <Value>60.094303131103516</Value>
  </History>
  <History>
    <SignalID>60c97530-2ed2-4abb-a7a2-99e2170479a4</SignalID>
    <Timestamp>636870665775415440</Timestamp>
    <Value>1.0811487436294556</Value>
  </History>
  <History>
    <SignalID>aa47a61c-8596-46af-8c28-f9ee774bcf26</SignalID>
    <Timestamp>636870665775415440</Timestamp>
    <Value>104.14258575439453</Value>
  </History>
  <History>
    <SignalID>4ab24720-3763-407c-afa0-15f0d69ac897</SignalID>
    <Timestamp>636870665775415440</Timestamp>
    <Value>526.82269287109375</Value>
  </History>
</DataSet>
